-35,-93,16423,-1,-2,0,-40,147,4499,1333416087,1333416088,-0.006241,0.022903,0.205472,0.994654,-0.004278,0.011071,0.102584
43,-73,16385,-1,-3,0,-42,147,4375,1333416189,1333416189,-0.005749,0.022695,0.205515,0.994654,-0.004023,0.010993,0.102602
13,3,16316,-1,-2,0,-41,146,4251,1333416290,1333416291,-0.005295,0.02254,0.205546,0.994654,-0.003789,0.010939,0.102615
-33,-27,16393,-1,-2,0,-43,143,4468,1333416392,1333416392,-0.004953,0.022373,0.205559,0.994655,-0.003611,0.010873,0.102619
-53,-19,16366,-2,-2,-1,-40,140,4499,1333416493,1333416494,-0.004604,0.022246,0.205588,0.994655,-0.003431,0.010828,0.102632
-5,-53,16423,-1,-3,0,-44,145,4437,1333416595,1333416595,-0.004208,0.022082,0.205602,0.994655,-0.003226,0.010767,0.102636
-9,-57,16308,-1,-2,0,-38,143,4406,1333416696,1333416697,-0.003939,0.022001,0.205613,0.994656,-0.003088,0.01074,0.102641
-59,-111,16403,-1,-1,0,-49,147,4375,1333416798,1333416799,-0.003649,0.021853,0.205662,0.994655,-0.002936,0.010682,0.102663
-103,-55,16344,-1,-2,-2,-38,141,4313,1333416899,1333416900,-0.00337,0.021745,0.205731,0.994652,-0.002792,0.010642,0.102696
-47,-13,16259,-2,-3,0,-38,141,4313,1333417001,1333417002,-0.003102,0.02169,0.205785,0.99465,-0.002657,0.010628,0.102722
7,-67,16269,-1,-2,1,-41,134,4468,1333417103,1333417103,-0.002821,0.021648,0.205801,0.99465,-0.002515,0.010622,0.102728
23,-31,16427,-1,-1,-1,-46,145,4592,1333417204,1333417205,-0.002533,0.021456,0.205833,0.994649,-0.002362,0.010541,0.102743
-13,-49,16332,-1,-3,0,-38,137,4623,1333417305,1333417306,-0.002398,0.021329,0.20582,0.994651,-0.002288,0.010485,0.102735
-1,-59,16322,-1,-1,1,-41,143,4313,1333417407,1333417408,-0.002201,0.021232,0.205824,0.994651,-0.002185,0.010447,0.102736
-77,-53,16364,-1,-2,0,-43,139,4561,1333417509,1333417509,-0.001985,0.02117,0.205823,0.994652,-0.002075,0.010427,0.102734
15,-47,16328,-2,-2,0,-42,145,4592,1333417610,1333417611,-0.001862,0.021157,0.205825,0.994652,-0.002013,0.010427,0.102735
-23,-43,16380,-1,-2,0,-38,141,4313,1333417712,1333417713,-0.001719,0.021127,0.205843,0.994651,-0.00194,0.010419,0.102743
-45,-59,16338,-1,-2,-1,-44,135,4499,1333417813,1333417814,-0.001558,0.02114,0.205883,0.99465,-0.001861,0.010434,0.102762
-57,-21,16310,-1,-2,1,-43,146,4313,1333417915,1333417916,-0.001451,0.021051,0.205912,0.994649,-0.001803,0.010395,0.102776
31,-15,16376,-2,-1,-1,-38,139,4468,1333418017,1333418017,-0.001327,0.021048,0.205989,0.994645,-0.001742,0.0104,0.102814
11,-97,16326,-2,-1,-1,-46,140,4437,1333418118,1333418119,-0.001215,0.020981,0.206044,0.994642,-0.001683,0.010372,0.10284
-41,-43,16271,-1,-3,-1,-40,138,4282,1333418220,1333418220,-0.00114,0.020912,0.206098,0.99464,-0.001642,0.010342,0.102867
-67,-73,16352,-2,-2,0,-42,142,4499,1333418321,1333418322,-0.001046,0.020898,0.206143,0.994638,-0.001595,0.01034,0.102889
-89,-43,16293,-1,-3,0,-43,137,4468,1333418423,1333418424,-0.001007,0.020847,0.206186,0.994636,-0.001573,0.010316,0.10291
-43,17,16370,-1,-2,0,-51,142,4437,1333418524,1333418525,-0.000861,0.020852,0.206193,0.994636,-0.001501,0.010326,0.102913
23,-63,16376,-1,-3,0,-40,142,4499,1333418628,1333418629,-0.000677,0.020905,0.20626,0.994632,-0.001413,0.010362,0.102945
5,-13,16340,-1,-1,0,-34,143,4189,1333418730,1333418730,-0.00057,0.020862,0.20631,0.99463,-0.001357,0.010346,0.102969
-7,-37,16287,-1,-1,-1,-44,138,4437,1333418831,1333418832,-0.000552,0.020808,0.206321,0.99463,-0.001346,0.01032,0.102975
7,-7,16338,0,0,0,-40,140,4437,1333418933,1333418933,-0.000417,0.020764,0.206338,0.994629,-0.001276,0.010305,0.102983
-41,-67,16382,-1,-2,0,-42,145,4220,1333419034,1333419035,-0.000407,0.02076,0.206354,0.994628,-0.001272,0.010304,0.102991
-9,-79,16328,-2,-3,0,-46,145,4592,1333419136,1333419137,-0.000413,0.020866,0.206391,0.994626,-0.00128,0.010356,0.103009
-19,-43,16275,-1,-3,0,-46,138,4375,1333419238,1333419238,-0.000432,0.020946,0.206391,0.994625,-0.001294,0.010395,0.103009
-57,-37,16455,-2,-1,-1,-43,141,4251,1333419339,1333419340,-0.000405,0.020994,0.206413,0.994624,-0.001283,0.01042,0.10302
11,-67,16385,-1,-3,0,-44,145,4375,1333419441,1333419442,-0.000309,0.020984,0.206429,0.994623,-0.001235,0.01042,0.103027
-7,-57,16330,-1,-3,0,-42,138,4282,1333419542,1333419543,-0.000211,0.020958,0.206441,0.994623,-0.001185,0.010412,0.103033
-41,-5,16372,-2,-2,0,-48,148,4406,1333419644,1333419645,-0.00017,0.020956,0.206469,0.994621,-0.001164,0.010413,0.103046
-29,-89,16431,-1,-2,0,-41,141,4561,1333419745,1333419746,-0.000089,0.020949,0.206486,0.994621,-0.001124,0.010414,0.103054
-31,121,16198,-26,-1,-5,-44,140,4499,1333419847,1333419848,-0.000475,0.020937,0.206608,0.994614,-0.001316,0.010388,0.103117
-225,-267,16975,-18,-2,-4,-42,140,4437,1333419949,1333419950,0.000098,0.020682,0.206574,0.994618,-0.001017,0.010291,0.103097
-15,-131,16500,-3,-2,1,-36,146,4251,1333420050,1333420051,0.000089,0.020886,0.206487,0.994621,-0.001032,0.010392,0.103054
-7,-37,16340,-3,-3,0,-42,138,4220,1333420152,1333420153,0.000158,0.020834,0.206466,0.994622,-0.000995,0.010369,0.103043
-65,-21,16435,1,0,0,-48,139,4468,1333420254,1333420254,0.000155,0.020804,0.206493,0.994621,-0.000995,0.010354,0.103057
-79,-73,16356,-2,-1,0,-42,142,4127,1333420355,1333420356,0.000194,0.0207,0.206509,0.994621,-0.00097,0.010305,0.103064
41,-113,16291,-1,-3,-3,-44,140,4499,1333420457,1333420457,0.000108,0.020737,0.206565,0.994618,-0.001015,0.010319,0.103093
53,105,16279,-1,-2,-13,-41,139,4623,1333420558,1333420559,0.000431,0.020618,0.20646,0.994624,-0.000848,0.010276,0.103039
-133,-329,16556,-5,-3,1,-40,135,4282,1333420660,1333420661,0.000103,0.020692,0.206565,0.994618,-0.001015,0.010296,0.103093
71,89,16376,-1,-2,-1,-40,145,4499,1333420761,1333420762,0.000084,0.020627,0.206442,0.994625,-0.001021,0.010263,0.103032
-1,-65,16362,-1,-2,-1,-41,141,4561,1333420863,1333420864,-0.00001,0.020685,0.206557,0.994618,-0.001071,0.010287,0.103089
-3,-75,16324,-2,-1,-2,-42,133,4499,1333420964,1333420965,0.000143,0.02065,0.206693,0.994612,-0.000994,0.010277,0.103156
-69,9,16431,-1,-3,-1,-44,145,4499,1333421066,1333421067,0.000059,0.020721,0.206814,0.994605,-0.00104,0.010308,0.103217
-45,-21,16340,-2,-2,-1,-40,140,4375,1333421167,1333421168,0.000056,0.020707,0.206889,0.994601,-0.001041,0.010301,0.103254
-1,17,16318,-3,-3,6,-43,139,4468,1333421269,1333421270,0.000318,0.020741,0.206602,0.994616,-0.000911,0.010331,0.10311
-153,-27,16443,-2,-2,10,-44,140,4592,1333421371,1333421371,-0.000167,0.020873,0.206298,0.994631,-0.001158,0.010372,0.102962
-317,-167,16358,-1,-1,-10,-41,139,4406,1333421472,1333421473,-0.00006,0.020707,0.206543,0.994619,-0.001097,0.010295,0.103083
-113,-49,16358,1,1,3,-36,139,4313,1333421574,1333421574,0.0001,0.020882,0.206559,0.994617,-0.001027,0.010391,0.10309
-151,-125,16360,-1,-1,0,-43,139,4561,1333421675,1333421676,0.000446,0.020746,0.206517,0.99462,-0.000848,0.01034,0.103067
-61,-43,16397,-1,-2,-1,-48,141,4561,1333421777,1333421778,0.000257,0.020751,0.206575,0.994617,-0.000942,0.010333,0.103097
-61,25,16449,-3,-3,-1,-45,134,4685,1333421878,1333421879,0.000428,0.02069,0.206603,0.994616,-0.000854,0.010312,0.10311
-23,127,16346,0,0,5,-44,145,4437,1333421980,1333421981,0.00082,0.020728,0.206709,0.994611,-0.000662,0.010351,0.103161
-143,-33,16425,0,0,-7,-44,142,4220,1333422081,1333422082,0.000504,0.020703,0.206525,0.99462,-0.000816,0.010322,0.103071
-129,-123,16255,0,-2,-12,-37,140,4437,1333422183,1333422184,0.000086,0.02075,0.206583,0.994617,-0.001027,0.010324,0.103102
213,-1157,16340,-1,-7,-47,-37,140,4592,1333422285,1333422285,-0.002156,0.0207,0.209483,0.994465,-0.002154,0.01018,0.104555
-551,-587,16289,0,-3,51,-43,137,4468,1333422386,1333422387,-0.006497,0.021996,0.210242,0.994411,-0.004384,0.010596,0.104956
99,-227,15788,7,5,198,-42,147,4375,1333422488,1333422489,-0.007283,0.024208,0.194963,0.995169,-0.004802,0.011692,0.097363
653,-661,16314,6,-4,48,-41,143,4313,1333422590,1333422590,-0.008068,0.02334,0.180261,0.995861,-0.005068,0.011259,0.090049
469,-335,16344,10,9,-61,-37,149,4592,1333422691,1333422692,-0.008946,0.022123,0.182208,0.995778,-0.005461,0.010609,0.091021
-363,285,14057,-5,16,-95,-45,146,4313,1333422793,1333422794,-0.007864,0.020545,0.190572,0.9954,-0.004891,0.009851,0.095176
175,-181,18134,-34,7,-103,-40,149,4375,1333422894,1333422895,-0.007087,0.018772,0.200483,0.994927,-0.004465,0.008984,0.100102
-93,465,15476,33,19,-44,-36,143,4561,1333422996,1333422997,-0.005396,0.018485,0.208864,0.994503,-0.003647,0.008911,0.104262
265,-139,15337,5,10,-55,-34,143,4561,1333423098,1333423098,-0.004203,0.017801,0.212731,0.994305,-0.003034,0.008627,0.106179
-243,477,17628,-5,-16,-43,-36,143,4623,1333423199,1333423200,-0.004223,0.017734,0.218427,0.993999,-0.003065,0.008584,0.10901
37,711,15232,19,-5,11,-35,142,4127,1333423301,1333423301,-0.002578,0.017964,0.218605,0.99399,-0.002261,0.008788,0.109092
9,115,17228,-11,3,27,-35,147,4282,1333423402,1333423403,-0.001432,0.018459,0.217598,0.994044,-0.001714,0.009097,0.108586
79,-133,16348,-2,-9,-25,-30,147,4220,1333423504,1333423504,0.000418,0.019263,0.217455,0.994049,-0.000837,0.009597,0.108507
157,-175,16324,-9,-18,-25,-41,143,4468,1333423605,1333423606,0.000567,0.019844,0.221462,0.993827,-0.000815,0.009892,0.110496
-7,445,16631,2,1,21,-34,146,4561,1333423707,1333423707,0.001909,0.020443,0.221794,0.993806,-0.000183,0.010264,0.110654
-107,-149,14439,-22,-13,-11,-36,146,4313,1333423808,1333423809,0.002258,0.020864,0.22061,0.993869,-0.000026,0.010493,0.110064
139,-373,16512,-7,-3,5,-34,141,4561,1333423910,1333423911,0.000021,0.021279,0.222162,0.993781,-0.001169,0.010575,0.110846
-393,-731,16144,12,-4,-36,-30,145,4282,1333424012,1333424012,-0.001466,0.021822,0.222492,0.993758,-0.00194,0.010762,0.111018
79,-839,15584,11,20,-46,-41,150,4313,1333424113,1333424114,-0.004199,0.021459,0.22751,0.993475,-0.003304,0.010422,0.113525
43,69,15644,14,-8,5,-36,146,4220,1333424215,1333424216,-0.003265,0.019405,0.230307,0.993327,-0.002736,0.009451,0.114909
-299,-785,14158,31,9,-1,-32,143,4313,1333424317,1333424317,-0.003458,0.018589,0.229183,0.993395,-0.00278,0.009036,0.114352
-83,-167,16259,15,-10,9,-32,146,4189,1333424418,1333424419,-0.005418,0.017481,0.228406,0.993442,-0.003687,0.008375,0.113973
-1203,1317,10450,138,-34,-18,-33,147,4127,1333424520,1333424521,-0.005311,0.018208,0.228085,0.993457,-0.003674,0.008743,0.113814
-977,-1043,18306,-40,-25,-49,-38,155,4313,1333424622,1333424622,-0.005299,0.019808,0.232085,0.993219,-0.003778,0.00953,0.115802
-457,1709,16443,12,-9,31,-37,154,4437,1333424723,1333424724,-0.002549,0.020474,0.233251,0.993153,-0.002457,0.010019,0.116368
-227,-833,18081,-46,-12,-7,-37,149,4375,1333424827,1333424828,-0.000893,0.020857,0.236226,0.992978,-0.001672,0.010303,0.117837
795,-135,15654,29,30,-2,-34,159,4189,1333424929,1333424929,-0.00518,0.019999,0.237107,0.992925,-0.003754,0.009623,0.118296
13,769,16581,55,0,-9,-32,157,4251,1333425030,1333425031,-0.006015,0.018653,0.236711,0.992953,-0.004088,0.008906,0.118102
-863,-1151,17325,-39,-33,-36,-33,158,4064,1333425132,1333425133,-0.005592,0.019228,0.237839,0.992885,-0.003917,0.009214,0.11866
-1079,905,16795,-10,-8,27,-29,162,4251,1333425234,1333425234,-0.004653,0.01988,0.235726,0.993008,-0.003479,0.009597,0.117607
-153,-259,12469,30,-48,70,-33,165,4002,1333425335,1333425336,-0.004921,0.021265,0.2308,0.993287,-0.003668,0.010278,0.115163
-439,-525,16138,7,27,65,-40,172,4282,1333425437,1333425437,-0.006462,0.021355,0.223168,0.993715,-0.0044,0.010251,0.11138
-555,-261,20496,-83,-12,71,-36,175,4189,1333425538,1333425539,-0.008902,0.020181,0.216713,0.99407,-0.005516,0.00955,0.108183
-39,-35,15887,-31,-16,46,-33,172,4127,1333425640,1333425641,-0.009875,0.019488,0.211448,0.994352,-0.005938,0.009168,0.105569
275,1733,24663,-51,84,49,-37,179,4064,1333425741,1333425742,-0.009056,0.021127,0.20372,0.994746,-0.005578,0.010048,0.101725
-1145,-375,18021,-50,6,65,-41,175,4096,1333425843,1333425844,-0.008419,0.022836,0.197577,0.995046,-0.005315,0.010947,0.098669
513,-199,21530,-126,27,94,-48,178,4033,1333425945,1333425945,-0.011381,0.022049,0.191239,0.995349,-0.006717,0.01043,0.095529
-471,-449,12550,117,-23,18,-52,178,4096,1333426046,1333426047,-0.008473,0.020232,0.185792,0.995624,-0.005156,0.009679,0.092799
75,957,15254,64,-48,50,-51,183,4127,1333426148,1333426149,-0.007479,0.019836,0.184156,0.995705,-0.004636,0.009532,0.09198
735,1879,19212,-43,10,11,-52,187,4251,1333426250,1333426250,-0.007038,0.021563,0.182856,0.995756,-0.004489,0.010415,0.091333
-151,965,15478,-5,12,18,-57,180,4406,1333426351,1333426352,-0.00353,0.022063,0.180974,0.995845,-0.002755,0.010827,0.090377
-83,431,13889,42,-22,-25,-53,188,4127,1333426453,1333426453,-0.004054,0.020266,0.182585,0.995781,-0.002942,0.009906,0.091181
761,-13,13201,127,46,-26,-56,188,4220,1333426554,1333426555,-0.002624,0.018598,0.184555,0.9957,-0.002163,0.009139,0.092155
103,675,15547,-11,-79,-21,-52,187,4189,1333426656,1333426657,-0.004791,0.018715,0.187586,0.995556,-0.003261,0.009092,0.093674
787,-1097,24841,-163,4,-24,-54,189,4251,1333426758,1333426758,-0.00502,0.020465,0.19197,0.995339,-0.003479,0.009945,0.095858
737,1459,23896,-75,70,-54,-68,184,4313,1333426859,1333426860,-0.003659,0.019591,0.198276,0.995039,-0.00279,0.009566,0.098989
-29,223,15094,27,3,-91,-65,188,4220,1333426961,1333426961,-0.003723,0.018495,0.206318,0.994638,-0.002804,0.009006,0.102989
771,-2007,16277,-33,4,-126,-62,183,4282,1333427062,1333427063,-0.004968,0.018391,0.218419,0.993995,-0.003472,0.00887,0.10901
139,-1837,20080,-96,11,-91,-65,183,4375,1333427164,1333427165,-0.006508,0.020516,0.226487,0.993533,-0.004392,0.009824,0.113028
-627,-997,13379,18,4,-16,-65,179,4437,1333427266,1333427266,-0.008536,0.020487,0.231038,0.993269,-0.00542,0.009683,0.115299
441,1015,18379,-6,112,-4,-64,173,4406,1333427367,1333427368,-0.007624,0.018218,0.233864,0.993119,-0.004849,0.008602,0.116695
-1409,-1137,12693,-2,-160,32,-69,185,4375,1333427469,1333427470,-0.004635,0.019697,0.230951,0.993287,-0.003437,0.009516,0.115236
-1303,-229,14311,14,-23,17,-67,181,4220,1333427570,1333427571,-0.005808,0.023401,0.230039,0.993316,-0.004227,0.01129,0.114791
949,-1275,17641,-28,53,27,-74,176,4220,1333427672,1333427673,-0.00388,0.021889,0.228002,0.993445,-0.003172,0.010653,0.113768
-489,-957,17851,-21,20,-8,-73,175,4189,1333427773,1333427774,-0.004618,0.021022,0.224045,0.993672,-0.003469,0.010187,0.111806
-1589,125,9789,28,-146,114,-76,176,4127,1333427875,1333427876,-0.005179,0.021382,0.218702,0.993964,-0.003741,0.010344,0.109154
787,859,20996,-47,28,-26,-78,179,4064,1333427977,1333427977,-0.003749,0.024604,0.21767,0.994004,-0.0032,0.012025,0.108635
881,873,18053,6,45,-45,-75,175,4096,1333428078,1333428079,-0.003732,0.021882,0.220019,0.993892,-0.003056,0.01067,0.109801
1249,-795,18820,-71,14,-52,-76,176,4064,1333428180,1333428181,-0.005835,0.020148,0.224072,0.993673,-0.004025,0.009684,0.111825
-585,-1773,17076,-67,-62,23,-76,170,4220,1333428282,1333428282,-0.008586,0.023026,0.224274,0.993639,-0.005554,0.01096,0.111943
367,601,11826,70,116,35,-79,175,3940,1333428383,1333428384,-0.011212,0.022377,0.220655,0.993835,-0.006803,0.010503,0.110158
-931,-1243,13254,7,-115,20,-79,166,4033,1333428485,1333428486,-0.011817,0.020595,0.219769,0.993892,-0.007002,0.009587,0.109716
-115,-1613,17517,-75,-12,-20,-81,170,3847,1333428586,1333428587,-0.011511,0.023228,0.218978,0.993921,-0.006989,0.010915,0.109327
637,-2139,14627,-52,161,34,-81,165,3909,1333428688,1333428689,-0.009298,0.023789,0.215746,0.9941,-0.005902,0.011325,0.10771
-289,-669,16298,27,-17,62,-85,165,3909,1333428790,1333428791,-0.00937,0.021185,0.211649,0.994334,-0.005777,0.010038,0.105669
405,-1175,17910,-45,30,38,-86,164,3723,1333428892,1333428892,-0.010157,0.022551,0.207615,0.994535,-0.006219,0.010688,0.10367
2177,-919,26977,-39,15,93,-87,167,3475,1333428993,1333428994,-0.010857,0.021209,0.203211,0.994766,-0.006476,0.009999,0.101481
-273,195,16271,29,51,15,-85,163,3537,1333429095,1333429096,-0.006883,0.020433,0.195821,0.995149,-0.004423,0.009831,0.097783
637,917,21103,17,-28,29,-92,163,3475,1333429196,1333429197,-0.006288,0.020797,0.193626,0.995255,-0.004134,0.010046,0.096688
-843,363,10246,42,-26,-45,-90,167,3382,1333429298,1333429299,-0.007376,0.024538,0.192488,0.995286,-0.00485,0.011857,0.096133
1079,41,21742,0,89,-70,-87,165,3320,1333429400,1333429400,-0.007637,0.022002,0.198682,0.994998,-0.004891,0.010568,0.099213
-57,2007,17942,-41,-12,-61,-91,162,3196,1333429501,1333429502,-0.004191,0.018556,0.205254,0.994691,-0.003035,0.009014,0.102462
1179,-1269,25387,-141,-24,-65,-87,158,3320,1333429603,1333429604,-0.004886,0.022066,0.21183,0.99433,-0.003595,0.010713,0.105737
-1247,1137,17355,12,-18,-48,-92,158,3258,1333429705,1333429705,-0.00247,0.020782,0.21717,0.994055,-0.002354,0.010196,0.108378
-215,-977,15689,-6,41,-21,-91,159,3134,1333429806,1333429807,-0.003786,0.019363,0.222123,0.993789,-0.002954,0.009412,0.110846
-25,1369,15606,58,-38,32,-90,154,2947,1333429908,1333429909,-0.00669,0.021556,0.222438,0.993754,-0.004521,0.01034,0.111019
95,955,17903,7,-17,13,-92,151,2947,1333430010,1333430010,-0.008057,0.023697,0.221607,0.993784,-0.005313,0.01133,0.110616
201,-357,14251,13,-43,-7,-92,156,2792,1333430111,1333430112,-0.006509,0.022526,0.222057,0.99377,-0.004482,0.010833,0.110829
-1031,81,19600,-6,9,35,-89,150,2606,1333430213,1333430214,-0.005392,0.023938,0.21965,0.993897,-0.003991,0.011601,0.109628
529,407,17388,-4,59,33,-94,156,2296,1333430315,1333430316,-0.008066,0.025906,0.217731,0.993983,-0.005416,0.012438,0.108693
1801,5887,20705,-22,117,28,-90,156,1985,1333430417,1333430417,-0.006565,0.022766,0.214652,0.994172,-0.004483,0.010966,0.10715
2591,-173,20112,6,60,52,-98,162,1737,1333430518,1333430519,-0.007121,0.022047,0.212927,0.994267,-0.004712,0.010582,0.106295
-33,-897,17509,13,39,-15,-95,175,1644,1333430620,1333430621,-0.005808,0.025376,0.209428,0.994434,-0.004214,0.012315,0.10455
-1423,1941,15098,20,-13,87,-102,180,1644,1333430721,1333430722,-0.002553,0.02129,0.205031,0.994691,-0.002359,0.010458,0.102344
-457,1915,21018,-21,3,74,-101,190,1830,1333430823,1333430824,-0.002652,0.024417,0.201809,0.994837,-0.002549,0.012012,0.100742
1823,-2137,19910,-23,69,-20,-100,203,1861,1333430927,1333430927,0.00291,0.020398,0.190962,0.995394,0.000476,0.010291,0.095316
739,-951,13585,-43,-74,-20,-107,203,1861,1333431028,1333431029,-0.000192,0.021383,0.191155,0.995379,-0.001116,0.010633,0.095428
179,1155,19964,-14,46,-3,-107,205,2234,1333431130,1333431131,0.00026,0.02188,0.190893,0.995389,-0.000913,0.010902,0.095295
773,-1793,15846,-21,11,-77,-111,207,2544,1333431231,1333431232,0.001626,0.01853,0.194725,0.995222,-0.000092,0.0093,0.097197
-529,-1547,15539,-30,-115,-22,-115,188,2947,1333431333,1333431334,0.003263,0.021107,0.197613,0.995068,0.000583,0.010663,0.098623
943,1783,16886,30,55,-122,-115,185,2792,1333431435,1333431435,0.005643,0.020739,0.204329,0.994731,0.001749,0.010603,0.101952
1289,1487,20589,-32,53,-141,-106,183,2730,1333431536,1333431537,0.006076,0.018792,0.218812,0.993976,0.001994,0.009671,0.109154
-2515,-435,9928,65,-168,-38,-113,183,2947,1333431638,1333431639,0.006012,0.022645,0.225971,0.99356,0.00171,0.011589,0.112704
91,-957,15913,-43,13,-5,-103,183,3165,1333431740,1333431740,0.004118,0.023054,0.228383,0.993422,0.000732,0.011686,0.113912
123,-673,17119,-2,31,11,-101,179,3040,1333431841,1333431842,0.003576,0.022236,0.228328,0.99343,0.00051,0.011249,0.113889
-107,-851,16289,103,-24,21,-89,173,3568,1333431943,1333431943,-0.002025,0.027608,0.230279,0.993282,-0.002592,0.013596,0.114888
261,1617,15691,14,55,90,-89,166,3816,1333432044,1333432045,-0.002492,0.022791,0.226932,0.993503,-0.002528,0.011181,0.113229
-509,63,22044,-34,-32,80,-87,160,3630,1333432146,1333432147,0.000265,0.02353,0.213393,0.994245,-0.001121,0.011712,0.106485
-883,1831,17582,23,-14,43,-77,159,3506,1333432248,1333432248,-0.000131,0.027072,0.206239,0.994597,-0.001459,0.013457,0.102928
-1043,1807,16255,46,54,3,-78,154,3382,1333432349,1333432350,0.002723,0.022372,0.204122,0.994735,0.000215,0.011266,0.101862
-269,-1351,19056,-20,5,7,-83,158,3320,1333432451,1333432452,0.004309,0.022928,0.205235,0.994674,0.000969,0.011624,0.102406
1471,507,17285,8,41,36,-76,165,3320,1333432553,1333432553,0.003116,0.025579,0.20375,0.994735,0.000249,0.012881,0.101671
415,1157,23371,-39,82,41,-77,171,3289,1333432654,1333432655,0.004413,0.021935,0.193676,0.995255,0.001136,0.011129,0.096657
889,1189,16372,44,-6,33,-82,182,3351,1333432756,1333432757,0.005447,0.024857,0.188515,0.995484,0.001541,0.012629,0.094077
-661,505,19319,8,38,-4,-89,191,3444,1333432858,1333432858,0.005122,0.026892,0.186465,0.995567,0.001298,0.013626,0.093054
-547,-1569,13731,-6,10,-17,-82,193,3661,1333432959,1333432960,0.003998,0.023647,0.187999,0.995516,0.00088,0.011959,0.093831
835,2909,18581,66,21,32,-85,195,3847,1333433061,1333433062,0.002419,0.026027,0.185161,0.995634,0.000001,0.013069,0.092425
-1385,-1085,18427,5,33,-26,-85,192,4220,1333433162,1333433163,0.001875,0.026929,0.186297,0.995575,-0.000319,0.013493,0.092993
351,-405,18077,-26,39,-68,-87,188,4592,1333433264,1333433265,0.001492,0.023628,0.192518,0.995302,-0.000393,0.011831,0.096095
161,-3195,15731,-124,-134,-56,-81,185,4871,1333433366,1333433366,0.001089,0.025985,0.198176,0.995011,-0.000743,0.012982,0.098911
719,-5679,29003,-134,154,-30,-82,180,5151,1333433467,1333433468,-0.000123,0.024293,0.202864,0.994787,-0.001291,0.012077,0.101251
191,821,15219,1,1,4,-79,168,5213,1333433569,1333433569,0.00356,0.024103,0.202973,0.994783,0.00055,0.012169,0.101283
2151,-143,16518,21,77,-45,-84,155,5151,1333433670,1333433671,0.003898,0.027352,0.205036,0.994657,0.000539,0.013803,0.102302
-537,1023,12894,12,-8,-30,-83,154,5088,1333433772,1333433772,0.004707,0.023891,0.210117,0.994416,0.001088,0.012126,0.10483
-577,-1509,12693,-7,-69,-26,-86,153,5057,1333433873,1333433874,0.005833,0.025053,0.211228,0.99435,0.00158,0.012764,0.105373
-673,1395,12260,66,29,46,-81,149,4871,1333433975,1333433975,0.004115,0.028635,0.209308,0.994428,0.00055,0.014453,0.104423
285,693,15804,0,20,-5,-82,148,4623,1333434076,1333434077,0.005429,0.025237,0.203128,0.994767,0.001421,0.012828,0.101347
1229,3775,14168,9,6,-63,-84,148,4468,1333434178,1333434179,0.004341,0.029211,0.20776,0.994504,0.000644,0.014751,0.10365
-635,1617,13389,35,-41,15,-83,158,4592,1333434279,1333434280,0.0035,0.029017,0.208667,0.994459,0.000229,0.014611,0.104108
-3959,-2017,8146,-24,-181,4,-84,153,4778,1333434381,1333434382,0.003307,0.025705,0.208037,0.994514,0.00031,0.012954,0.103801
-109,-647,16205,-102,-65,55,-82,157,5057,1333434482,1333434483,0.003752,0.028492,0.204012,0.994702,0.000416,0.014363,0.101792
-419,-1109,16120,-17,67,56,-85,163,5026,1333434584,1333434585,0.000491,0.026833,0.198589,0.994985,-0.001086,0.013375,0.099119
1325,-825,12487,-1,-52,-108,-81,154,4871,1333434686,1333434686,0.001224,0.028507,0.207455,0.994525,-0.000867,0.01424,0.103522
503,2047,14779,74,-19,-48,-79,148,4902,1333434787,1333434788,0.001224,0.028165,0.213605,0.994204,-0.000893,0.014067,0.10658
-1189,-2185,14659,-76,-48,65,-78,151,5088,1333434889,1333434890,0.00223,0.02339,0.213811,0.994224,-0.000139,0.011747,0.106682
-1659,-319,7991,86,-164,3,-76,156,4871,1333434991,1333434991,0.002097,0.024999,0.208092,0.994515,-0.000255,0.012541,0.103837
481,617,15899,67,30,-56,-73,148,4902,1333435092,1333435093,0.005102,0.026362,0.213893,0.994201,0.001129,0.013377,0.1067
37,1345,15588,3,58,-67,-73,148,4995,1333435194,1333435195,0.007858,0.022557,0.220388,0.993869,0.002664,0.011642,0.109919
1717,1463,18682,7,55,-21,-69,145,4871,1333435295,1333435296,0.006909,0.024762,0.223731,0.993672,0.002051,0.012689,0.11158
-615,-829,13150,53,70,102,-73,148,4778,1333435397,1333435398,0.00691,0.02445,0.220198,0.99387,0.002091,0.01253,0.109826
-1213,301,17760,88,9,41,-73,141,4561,1333435499,1333435500,0.004898,0.023152,0.212256,0.994307,0.001209,0.01177,0.105893
295,4181,8314,205,35,61,-67,145,4375,1333435601,1333435601,0.001713,0.025006,0.209173,0.994459,-0.000453,0.012524,0.104377
-691,997,14730,36,53,62,-65,154,4499,1333435702,1333435703,0.00176,0.023524,0.20135,0.994868,-0.000307,0.011791,0.100488
1425,-1755,16993,-36,59,2,-59,150,4406,1333435804,1333435805,0.001571,0.02442,0.199628,0.994949,-0.000435,0.012227,0.099631
1041,-2275,17596,-14,65,37,-56,151,4592,1333435905,1333435906,-0.001809,0.025719,0.195901,0.995123,-0.002157,0.012709,0.097798
-235,889,11280,97,-12,33,-56,154,4654,1333436007,1333436008,-0.002034,0.023894,0.192006,0.995323,-0.002157,0.011794,0.095861
1327,1229,11233,40,-33,56,-44,151,4437,1333436109,1333436109,-0.001164,0.024609,0.188632,0.995479,-0.001738,0.012195,0.094176
-105,415,9079,80,-17,14,-51,156,4375,1333436210,1333436211,0.000588,0.025997,0.185774,0.995605,-0.000913,0.012969,0.092742
43,-1449,18292,45,-59,-25,-49,158,4375,1333436312,1333436312,0.000372,0.022277,0.18812,0.995518,-0.000861,0.011106,0.093913
-281,-2443,15620,23,1,2,-52,155,4406,1333436413,1333436414,-0.002983,0.023778,0.187167,0.995551,-0.002596,0.011697,0.093458
1219,-631,15128,59,48,-10,-56,160,4499,1333436515,1333436515,-0.001853,0.026061,0.185126,0.995633,-0.002127,0.012889,0.092435
-273,-2401,15788,166,-16,29,-50,157,4313,1333436616,1333436617,0.002428,0.021103,0.182941,0.995765,0.000245,0.010618,0.091325
-507,271,10523,58,-10,-41,-56,163,4064,1333436718,1333436719,0.002381,0.022055,0.184451,0.99569,0.00017,0.01109,0.092076
387,759,16933,35,164,-102,-57,164,4313,1333436819,1333436820,0.00688,0.018627,0.192187,0.995341,0.00253,0.0096,0.095909
893,145,17240,-46,-43,-169,-58,160,4127,1333436921,1333436922,0.006074,0.018984,0.207021,0.994601,0.00204,0.009755,0.103292
5,1591,12960,-6,22,-127,-57,162,4189,1333437025,1333437026,0.010798,0.0214,0.234804,0.993052,0.004108,0.011258,0.117067
929,583,15187,-16,-11,-60,-52,164,4251,1333437126,1333437127,0.006972,0.021378,0.246239,0.992372,0.002147,0.011036,0.122764
-113,-3035,16955,-53,18,-25,-51,174,4127,1333437228,1333437229,0.006714,0.022986,0.249903,0.992137,0.001899,0.011821,0.124579
-329,-1333,15584,-83,32,34,-52,182,4096,1333437330,1333437330,0.008107,0.019347,0.248418,0.992246,0.002823,0.010101,0.123844
-689,-507,17054,-33,8,33,-51,179,4220,1333437431,1333437432,0.006803,0.021608,0.244851,0.992456,0.002056,0.011138,0.122076
-1277,-859,14688,27,32,28,-52,182,4561,1333437533,1333437533,0.006829,0.022438,0.240038,0.992743,0.002046,0.011547,0.119685
-429,-1411,15567,-43,-48,76,-53,192,4809,1333437634,1333437635,0.005777,0.018735,0.231371,0.993271,0.001788,0.009638,0.115395
-3577,-269,14752,-97,-268,35,-56,183,5026,1333437736,1333437737,-0.000339,0.022485,0.22636,0.993539,-0.001438,0.011151,0.112933
347,545,14382,26,4,41,-62,181,5337,1333437838,1333437838,-0.001877,0.019729,0.222467,0.99377,-0.002028,0.009699,0.111008
-1085,-1321,23017,-194,6,33,-57,173,5275,1333437939,1333437940,-0.003993,0.018856,0.219273,0.993948,-0.003016,0.009153,0.10943
1427,-2289,1957,308,15,9,-59,164,5368,1333438041,1333438042,-0.007867,0.022725,0.219551,0.993904,-0.005155,0.010863,0.109592
-591,1923,17115,32,-4,12,-57,155,5213,1333438142,1333438143,-0.003741,0.019657,0.218061,0.99401,-0.002929,0.009566,0.108827
-793,183,14619,-4,-143,31,-52,155,5151,1333438244,1333438245,-0.00391,0.019932,0.214078,0.994223,-0.003008,0.0097,0.106848
2563,1499,11470,76,392,-178,-54,153,5057,1333438346,1333438347,0.003842,0.019481,0.215849,0.994135,0.000861,0.009891,0.107691
-2043,1515,17901,-2,-104,-77,-54,150,4778,1333438448,1333438448,0.010797,0.019562,0.220006,0.9939,0.004292,0.010314,0.109722
1119,397,19487,-28,-12,-65,-46,154,4592,1333438549,1333438550,0.008787,0.019878,0.229409,0.993375,0.003227,0.010376,0.114403
1979,-1039,17090,17,64,-68,-40,154,4499,1333438651,1333438651,0.006573,0.020386,0.236459,0.992966,0.002061,0.010509,0.117914
2043,-211,21083,-159,81,-38,-45,157,4406,1333438752,1333438753,0.003893,0.018384,0.241099,0.992701,0.000827,0.009359,0.120235
1717,1007,15135,61,52,19,-37,163,4499,1333438854,1333438854,0.00184,0.021812,0.238978,0.992811,-0.000387,0.010938,0.119188
-2385,-1111,15505,31,-74,2,-33,165,4809,1333438955,1333438956,0.001897,0.021438,0.238549,0.992839,-0.000334,0.010755,0.118975
107,337,5222,157,-54,23,-34,168,4902,1333439057,1333439057,0.005701,0.019632,0.23782,0.99289,0.001666,0.010085,0.118596
2319,1679,18292,4,66,13,-42,170,5026,1333439158,1333439159,0.003587,0.022032,0.234992,0.993046,0.000489,0.01115,0.117199
-2577,-3313,13260,-32,-33,61,-37,165,4964,1333439260,1333439260,0.001922,0.020547,0.23172,0.993244,-0.000233,0.010316,0.115585
-2091,29,8945,96,-73,102,-43,159,5057,1333439361,1333439362,-0.002694,0.022308,0.222644,0.993746,-0.002578,0.010935,0.1111
-1281,2547,12558,148,-16,78,-46,156,5026,1333439463,1333439464,-0.001474,0.02458,0.21488,0.994158,-0.002051,0.01214,0.107234
1571,-195,16943,68,14,64,-52,157,4995,1333439564,1333439565,0.00317,0.021921,0.207581,0.994559,0.000441,0.011066,0.103581
581,-239,30017,-166,38,34,-45,155,5275,1333439666,1333439667,0.00161,0.025109,0.202224,0.994815,-0.000466,0.012571,0.100922
307,-893,17054,-39,-3,32,-46,154,5244,1333439768,1333439768,0.005421,0.024295,0.198674,0.994996,0.001492,0.012356,0.099133
969,-1743,23868,-155,-71,0,-51,151,5088,1333439869,1333439870,0.006578,0.022298,0.194441,0.995214,0.002191,0.011415,0.097024
417,2057,7081,234,37,20,-53,151,5088,1333439971,1333439971,0.01051,0.025033,0.189971,0.995407,0.004044,0.012958,0.094769
1077,-2551,7439,-28,-37,6,-51,156,5026,1333440072,1333440073,0.008487,0.024199,0.189711,0.995428,0.003078,0.012447,0.094655
-733,-679,16718,-41,-45,-49,-52,148,5368,1333440174,1333440174,0.006761,0.021809,0.19183,0.995342,0.002321,0.011178,0.095725
285,-919,11743,59,0,-103,-57,146,5430,1333440275,1333440276,0.005485,0.024387,0.198481,0.995005,0.001521,0.012405,0.099037
-779,1389,15438,-31,4,-89,-51,145,5399,1333440377,1333440378,0.005972,0.019374,0.208478,0.994524,0.001962,0.009945,0.104016
497,-303,16067,15,-15,-143,-51,142,5337,1333440479,1333440479,0.004867,0.019787,0.221321,0.993834,0.001326,0.010101,0.110405
253,-1133,20612,-42,47,-145,-52,139,5213,1333440580,1333440581,0.005353,0.019955,0.236929,0.992941,0.001479,0.010224,0.118155
1389,3405,27705,-144,102,-94,-56,129,5399,1333440682,1333440682,0.006526,0.017591,0.247788,0.992295,0.002151,0.009131,0.123543
1425,-367,6458,235,-59,-108,-50,130,5430,1333440783,1333440784,0.006363,0.020006,0.257922,0.991645,0.001868,0.010329,0.128565
657,2029,10357,25,-2,-46,-53,129,5616,1333440885,1333440886,0.008432,0.017963,0.265768,0.99114,0.002989,0.009461,0.132449
-593,-2765,16081,-102,-29,-25,-52,125,5275,1333440986,1333440987,0.00163,0.017296,0.27037,0.99084,-0.000358,0.008679,0.134762
-1473,-423,20132,-106,51,34,-49,126,5554,1333441088,1333441089,-0.000144,0.021063,0.26876,0.99093,-0.001482,0.010427,0.133969
1805,2379,13090,66,66,51,-48,123,5151,1333441190,1333441190,0.00161,0.016775,0.263845,0.991277,-0.000305,0.00842,0.131529
-45,-295,25790,-267,-93,67,-50,125,5057,1333441291,1333441292,-0.000639,0.020433,0.258101,0.991632,-0.001632,0.01009,0.128689
655,-1545,3598,210,-99,52,-45,118,5213,1333441393,1333441393,0.005435,0.018976,0.251229,0.992076,0.001508,0.009754,0.125253
2181,365,12200,55,-3,35,-46,124,4964,1333441494,1333441495,0.005537,0.019673,0.244702,0.992476,0.001547,0.010101,0.122013
1021,-225,16241,38,78,61,-48,125,5213,1333441596,1333441596,0.006443,0.022185,0.238469,0.992838,0.001879,0.011397,0.118909
-213,-247,6621,228,56,109,-56,129,4809,1333441697,1333441698,0.00933,0.020163,0.228446,0.993428,0.003486,0.010547,0.113921
883,159,20298,-103,13,107,-51,129,4964,1333441799,1333441800,0.006323,0.020683,0.218726,0.993971,0.002014,0.010625,0.109106
197,-13,19042,-130,1,86,-52,134,4902,1333441900,1333441901,0.008302,0.024038,0.209959,0.99442,0.002868,0.012387,0.104729
-1147,-731,19655,-121,-15,80,-43,137,4995,1333442002,1333442003,0.01183,0.02102,0.201426,0.994867,0.004828,0.011051,0.100474
-201,1059,21455,-100,-47,66,-51,140,4871,1333442104,1333442105,0.014822,0.020336,0.192665,0.995292,0.006398,0.010833,0.096101
-607,-509,12916,26,-36,50,-54,139,4840,1333442206,1333442206,0.016378,0.022628,0.18667,0.995559,0.007098,0.012027,0.093098
-403,1307,18854,-46,-1,68,-58,145,4871,1333442307,1333442308,0.020404,0.023564,0.180419,0.995824,0.009098,0.012652,0.089956
-125,1645,15869,13,12,54,-56,147,4964,1333442409,1333442409,0.024781,0.022762,0.174407,0.996071,0.011351,0.012416,0.08694
397,49,17167,-8,-8,35,-58,145,5026,1333442510,1333442511,0.027079,0.021777,0.169613,0.996268,0.012567,0.011995,0.084545
-79,743,16261,2,4,26,-53,147,4716,1333442612,1333442613,0.029503,0.020629,0.165361,0.996435,0.013848,0.011496,0.082421
-19,663,16449,0,2,2,-53,140,5026,1333442713,1333442714,0.031215,0.020221,0.163681,0.996494,0.014727,0.011351,0.081578
-15,173,16405,-1,-2,-1,-56,142,5244,1333442815,1333442816,0.031073,0.020074,0.163857,0.996488,0.014662,0.011273,0.081668
-99,-195,16395,-1,-2,-4,-51,145,5088,1333442916,1333442917,0.02906,0.020143,0.163924,0.996499,0.013656,0.011226,0.081712
185,21,16358,-1,-3,-7,-60,142,5088,1333443018,1333443019,0.026962,0.020187,0.164788,0.996477,0.012604,0.011168,0.082154
153,-3,16304,-1,-1,-12,-64,146,5151,1333443120,1333443120,0.025411,0.020241,0.165505,0.996457,0.011825,0.011135,0.082519
53,-41,16350,-1,-3,-7,-61,146,5151,1333443223,1333443224,0.022425,0.020315,0.167449,0.996393,0.010323,0.011059,0.083504
-101,-99,16306,2,1,-1,-54,134,5057,1333443325,1333443325,0.021026,0.02016,0.167542,0.996396,0.009632,0.010924,0.083558
-27,-117,16393,-1,-2,-1,-58,145,5088,1333443426,1333443427,0.019638,0.020158,0.167639,0.996399,0.00894,0.010865,0.083614
-33,-73,16447,-1,-1,-6,-56,147,5244,1333443528,1333443529,0.01822,0.020215,0.167949,0.996392,0.008229,0.010835,0.083776
-53,-209,16439,-1,-2,-8,-59,143,4995,1333443629,1333443630,0.017423,0.020147,0.16842,0.996376,0.007833,0.01077,0.084016
-37,-173,16346,-1,-2,-22,-59,141,4902,1333443731,1333443732,0.016053,0.020392,0.169514,0.996333,0.007134,0.010838,0.084567
-139,-141,16304,-1,-2,-41,-57,148,4840,1333443833,1333443833,0.014885,0.020421,0.172689,0.996202,0.006534,0.010814,0.086155
