-543,-340,30540,-2,-1,0,-781,-895,3106,-56352822,-56352821,-0.040188,-0.028563,-0.181548,0.995554,-0.021302,-0.012398,-0.090907
-583,-256,30358,0,0,-2,-862,-868,3133,-56352720,-56352719,-0.038106,-0.027774,-0.181654,0.995577,-0.020231,-0.012099,-0.09094
-603,-372,30508,-1,-2,-1,-808,-868,2941,-56352618,-56352618,-0.036149,-0.027185,-0.181732,0.995598,-0.019231,-0.011894,-0.090962
-491,-288,30560,-1,-1,-1,-808,-868,3271,-56352517,-56352516,-0.034412,-0.026595,-0.181819,0.995614,-0.01834,-0.011679,-0.090991
-699,-340,30591,-2,-1,-1,-781,-1003,3161,-56352415,-56352415,-0.032818,-0.025989,-0.181865,0.995631,-0.017519,-0.011449,-0.091
-563,-312,30489,-3,-1,-3,-889,-1085,3216,-56352314,-56352313,-0.031291,-0.025495,-0.181924,0.995645,-0.016737,-0.011272,-0.091017
-599,-276,30429,-2,-1,-1,-808,-1057,3133,-56352212,-56352212,-0.029905,-0.024978,-0.181973,0.995658,-0.016023,-0.011077,-0.09103
-535,-244,30429,-2,-1,0,-781,-949,3023,-56352111,-56352110,-0.028628,-0.024447,-0.182042,0.995668,-0.015364,-0.01087,-0.091054
-515,-316,30556,-2,-1,-1,-889,-895,3161,-56352009,-56352009,-0.027352,-0.024116,-0.182082,0.995678,-0.014714,-0.010763,-0.091064
-575,-416,30643,-1,-1,-1,-781,-949,3216,-56351908,-56351907,-0.026214,-0.023773,-0.182139,0.995686,-0.014132,-0.010644,-0.091084
-695,-228,30508,-1,-2,-1,-781,-1003,3161,-56351806,-56351805,-0.025187,-0.023431,-0.182177,0.995694,-0.013606,-0.01052,-0.091096
-595,-368,30544,-2,-3,-2,-808,-976,3133,-56351704,-56351703,-0.024121,-0.023113,-0.182253,0.995699,-0.013061,-0.01041,-0.091127
-675,-256,30552,-1,0,-1,-565,-868,3271,-56351603,-56351602,-0.023296,-0.022784,-0.182351,0.995702,-0.012636,-0.010283,-0.091169
-431,-272,30698,-2,-1,-1,-673,-868,3051,-56351501,-56351500,-0.022482,-0.022451,-0.1824,0.995707,-0.012215,-0.010154,-0.091188
-535,-252,30591,-1,-1,0,-808,-868,2996,-56351400,-56351399,-0.021636,-0.022182,-0.182459,0.995711,-0.011782,-0.010058,-0.091212
-623,-176,30469,-2,-2,0,-835,-949,2968,-56351298,-56351297,-0.020923,-0.021909,-0.182505,0.995715,-0.011415,-0.009955,-0.09123
-479,-432,30441,-2,-2,-1,-700,-949,3023,-56351196,-56351196,-0.020164,-0.021626,-0.182536,0.995719,-0.011025,-0.009848,-0.09124
-563,-200,30615,-3,-2,-1,-781,-1085,3161,-56351095,-56351094,-0.019493,-0.021457,-0.182575,0.995722,-0.010683,-0.009795,-0.091255
-451,-308,30599,-1,-1,-1,-619,-976,3271,-56350994,-56350993,-0.018889,-0.021261,-0.182602,0.995725,-0.010374,-0.009725,-0.091265
-567,-356,30477,-1,-1,-1,-727,-868,3326,-56350892,-56350891,-0.018332,-0.021102,-0.182649,0.995727,-0.01009,-0.009671,-0.091285
-527,-356,30536,-2,-1,0,-781,-1003,3161,-56350790,-56350790,-0.01775,-0.020856,-0.182697,0.995729,-0.009788,-0.009574,-0.091305
-603,-332,30611,-2,-1,-2,-808,-868,3051,-56350689,-56350688,-0.017214,-0.02074,-0.182748,0.99573,-0.009517,-0.009541,-0.091327
-591,-344,30421,-1,0,0,-916,-922,2941,-56350587,-56350587,-0.01681,-0.020571,-0.18275,0.995732,-0.009308,-0.009475,-0.091326
-659,-172,30694,-1,-1,0,-835,-759,3216,-56350486,-56350485,-0.016395,-0.020396,-0.182789,0.995734,-0.009094,-0.009407,-0.091343
-611,-204,30576,-1,-1,-1,-808,-1057,3051,-56350384,-56350384,-0.016023,-0.0203,-0.182837,0.995734,-0.008904,-0.009376,-0.091364
-663,-224,30639,-2,-1,-1,-835,-1085,3106,-56350283,-56350282,-0.015651,-0.02018,-0.182875,0.995734,-0.008714,-0.009333,-0.091381
-555,-332,30564,-3,-1,0,-619,-976,2996,-56350182,-56350181,-0.015349,-0.020075,-0.182927,0.995734,-0.008559,-0.009294,-0.091406
-714,-240,30619,-1,-1,-1,-512,-840,2968,-56350080,-56350079,-0.015042,-0.019943,-0.182985,0.995733,-0.0084,-0.009242,-0.091433
-483,-324,30651,-2,-2,0,-673,-922,2858,-56349978,-56349978,-0.014735,-0.019884,-0.183,0.995734,-0.008245,-0.009227,-0.091438
-679,-292,30354,-2,-1,-2,-781,-1085,2968,-56349877,-56349876,-0.014478,-0.019728,-0.183072,0.995732,-0.00811,-0.009161,-0.091473
-631,-236,30453,-1,-2,0,-835,-1003,3106,-56349775,-56349775,-0.014277,-0.019662,-0.183095,0.995733,-0.008007,-0.009137,-0.091483
-543,-340,30615,-2,-3,-1,-808,-922,3133,-56349674,-56349673,-0.014022,-0.019568,-0.183141,0.995732,-0.007876,-0.009102,-0.091504
-531,-140,30548,-2,-2,-2,-808,-922,3326,-56349572,-56349571,-0.01382,-0.019534,-0.183186,0.995731,-0.007774,-0.009094,-0.091526
-539,-232,30560,-2,-1,-1,-835,-1085,3106,-56349470,-56349470,-0.013609,-0.019432,-0.183242,0.99573,-0.007664,-0.009052,-0.091552
-459,-296,30481,-2,-1,0,-889,-1085,2968,-56349369,-56349368,-0.013414,-0.019343,-0.183265,0.99573,-0.007563,-0.009017,-0.091562
-623,-120,30528,-3,-2,-2,-808,-922,3133,-56349267,-56349267,-0.013251,-0.019313,-0.183314,0.995728,-0.007481,-0.009009,-0.091586
-631,-200,30568,-2,-2,0,-781,-1003,3161,-56349166,-56349165,-0.013117,-0.019309,-0.183342,0.995728,-0.007415,-0.009013,-0.091599
-531,-328,30615,-3,-1,0,-727,-1057,3188,-56349064,-56349063,-0.012981,-0.019247,-0.183375,0.995727,-0.007344,-0.008989,-0.091615
-703,-280,30548,-3,-1,-2,-781,-1003,3216,-56348963,-56348962,-0.012844,-0.019158,-0.183441,0.995725,-0.007272,-0.00895,-0.091647
-603,-224,30548,-2,-2,0,-781,-840,2968,-56348861,-56348860,-0.012705,-0.01921,-0.183473,0.995724,-0.007205,-0.008982,-0.091663
-599,-360,30350,-1,-1,-1,-862,-922,3051,-56348759,-56348759,-0.012571,-0.019052,-0.183512,0.995723,-0.007132,-0.00891,-0.091681
-551,-284,30599,-2,-2,-1,-673,-922,3133,-56348658,-56348657,-0.012498,-0.019056,-0.183522,0.995723,-0.007095,-0.008915,-0.091686
-679,-380,30635,-2,-1,-1,-808,-1112,3271,-56348556,-56348556,-0.012418,-0.01901,-0.183543,0.995722,-0.007054,-0.008896,-0.091696
-718,-180,30524,-1,-1,0,-727,-1057,3188,-56348455,-56348454,-0.01238,-0.019018,-0.183563,0.995722,-0.007035,-0.008902,-0.091705
-571,-244,30433,-3,-1,0,-916,-976,3051,-56348353,-56348353,-0.012383,-0.019036,-0.183593,0.99572,-0.007037,-0.00891,-0.091721
-539,-176,30528,-2,-1,-1,-673,-922,2996,-56348252,-56348251,-0.012335,-0.018988,-0.183603,0.99572,-0.007012,-0.008888,-0.091725
-663,-280,30595,-1,-1,-1,-727,-1057,3051,-56348150,-56348149,-0.012217,-0.018947,-0.18363,0.995719,-0.006951,-0.008873,-0.091738
-551,-384,30401,-1,0,0,-808,-1057,3188,-56348048,-56348048,-0.012152,-0.018941,-0.18364,0.995719,-0.006919,-0.008873,-0.091742
-567,-264,30524,-1,-3,-2,-727,-922,3133,-56347947,-56347946,-0.012044,-0.018905,-0.183656,0.995719,-0.006863,-0.00886,-0.09175
-579,-416,30485,-2,-1,-1,-862,-976,3271,-56347845,-56347845,-0.01196,-0.018791,-0.183703,0.995718,-0.006816,-0.008807,-0.091773
-519,-264,30496,-2,-1,-1,-808,-1057,3188,-56347744,-56347743,-0.01192,-0.018741,-0.18375,0.995716,-0.006794,-0.008784,-0.091796
-563,-300,30528,0,0,-1,-862,-786,3188,-56347640,-56347640,-0.011781,-0.018715,-0.183808,0.995714,-0.006724,-0.008777,-0.091824
-659,-348,30639,-2,-1,-1,-862,-868,2996,-56347539,-56347538,-0.011748,-0.018728,-0.183817,0.995714,-0.006708,-0.008785,-0.091828
-607,-208,30504,-2,-3,0,-673,-976,3051,-56347437,-56347437,-0.011685,-0.018674,-0.183853,0.995712,-0.006675,-0.008761,-0.091846
-539,-380,30548,-2,-1,-1,-673,-976,3188,-56347336,-56347335,-0.011621,-0.018683,-0.183869,0.995712,-0.006643,-0.008768,-0.091853
-563,-324,30485,-3,-2,-1,-619,-1057,3326,-56347235,-56347234,-0.011617,-0.018723,-0.183883,0.995711,-0.006643,-0.008789,-0.091861
-671,-260,30556,-2,-1,-1,-808,-922,3271,-56347133,-56347132,-0.011554,-0.018706,-0.183894,0.995711,-0.006611,-0.008783,-0.091866
-595,-344,30520,-2,-2,-1,-700,-759,3298,-56347032,-56347031,-0.01149,-0.018706,-0.183936,0.995709,-0.006579,-0.008786,-0.091886
-595,-200,30386,-2,-2,-2,-862,-922,3133,-56346930,-56346929,-0.011465,-0.018662,-0.183972,0.995708,-0.006565,-0.008765,-0.091904
-627,-348,30366,-1,0,0,-862,-976,2941,-56346828,-56346828,-0.011439,-0.018677,-0.184019,0.995706,-0.006553,-0.008773,-0.091927
-603,-356,30639,-3,-1,-1,-916,-732,3188,-56346727,-56346726,-0.011446,-0.018685,-0.184043,0.995704,-0.006557,-0.008777,-0.09194
-667,-208,30354,-2,-1,-1,-727,-868,3133,-56346625,-56346625,-0.011423,-0.018693,-0.184079,0.995703,-0.006546,-0.008782,-0.091957
-535,-256,30528,-1,-2,0,-835,-949,3106,-56346524,-56346523,-0.01141,-0.018725,-0.18411,0.995701,-0.006541,-0.008798,-0.091973
-687,-296,30627,-1,-1,-1,-673,-922,3133,-56346422,-56346422,-0.011352,-0.01875,-0.184135,0.9957,-0.006514,-0.008813,-0.091985
-663,-280,30492,-3,-1,-1,-619,-732,3133,-56346321,-56346320,-0.01136,-0.018736,-0.184182,0.995698,-0.006517,-0.008806,-0.092008
-567,-256,30576,-2,-1,0,-646,-949,3216,-56346219,-56346218,-0.011398,-0.018701,-0.184223,0.995696,-0.006535,-0.008786,-0.092029
-655,-324,30429,-2,-1,-1,-700,-840,3106,-56346118,-56346117,-0.011371,-0.018701,-0.18427,0.995694,-0.006521,-0.008788,-0.092052
-579,-400,30504,-2,-2,-1,-889,-895,3161,-56346016,-56346015,-0.011303,-0.018711,-0.184322,0.995692,-0.006488,-0.008796,-0.092078
-583,-240,30635,-2,-1,-1,-835,-1139,3216,-56345914,-56345914,-0.011283,-0.018663,-0.184347,0.995691,-0.006476,-0.008772,-0.09209
-603,-312,30611,-1,-3,-1,-781,-840,3298,-56345813,-56345812,-0.011234,-0.018655,-0.184389,0.995689,-0.006451,-0.00877,-0.09211
-535,-276,30473,-3,-2,-1,-781,-1003,3106,-56345712,-56345711,-0.011238,-0.018636,-0.184392,0.995689,-0.006453,-0.008761,-0.092112
-559,-256,30473,-2,-2,-1,-673,-922,3326,-56345610,-56345609,-0.011245,-0.018624,-0.184417,0.995688,-0.006456,-0.008754,-0.092125
-619,-356,30504,-1,-1,0,-727,-976,3133,-56345508,-56345508,-0.011184,-0.018591,-0.184464,0.995686,-0.006424,-0.008741,-0.092148
-515,-348,30587,-2,-1,-2,-619,-976,3188,-56345407,-56345406,-0.011172,-0.018575,-0.184505,0.995685,-0.006418,-0.008733,-0.092168
-635,-244,30457,-1,-2,-1,-673,-976,3188,-56345305,-56345304,-0.011145,-0.018566,-0.184558,0.995682,-0.006404,-0.00873,-0.092194
-583,-424,30492,-2,-1,-1,-727,-922,3188,-56345204,-56345203,-0.011125,-0.0185,-0.184599,0.995681,-0.006391,-0.008697,-0.092214
-471,-192,30477,-1,-2,0,-727,-976,3051,-56345102,-56345101,-0.010977,-0.018485,-0.184624,0.99568,-0.006317,-0.008697,-0.092226
-555,-360,30465,-1,-1,-1,-700,-1085,3161,-56345001,-56345000,-0.010836,-0.018523,-0.18463,0.99568,-0.006248,-0.008723,-0.092229
-619,-320,30465,-1,-1,0,-781,-895,3161,-56344899,-56344899,-0.010806,-0.018579,-0.184598,0.995681,-0.006236,-0.008752,-0.092213
-559,-408,30500,0,0,-1,-835,-895,3216,-56344798,-56344797,-0.010679,-0.018553,-0.184578,0.995683,-0.006171,-0.008745,-0.092202
-563,-196,30651,-1,-1,1,-700,-1003,3161,-56344696,-56344695,-0.010545,-0.018495,-0.184575,0.995684,-0.006102,-0.008722,-0.0922
-722,-336,30516,0,0,0,-781,-949,3023,-56344595,-56344594,-0.010417,-0.018533,-0.184544,0.995685,-0.00604,-0.008747,-0.092184
-619,-324,30441,-1,-1,-1,-592,-1003,3106,-56344493,-56344492,-0.010335,-0.018525,-0.184561,0.995685,-0.005999,-0.008747,-0.092192
-639,-312,30540,-1,-1,1,-700,-949,3216,-56344391,-56344391,-0.010218,-0.018541,-0.184556,0.995685,-0.005941,-0.00876,-0.092189
-603,-232,30576,-1,-1,0,-727,-786,3188,-56344290,-56344289,-0.010189,-0.018511,-0.184529,0.995687,-0.005925,-0.008746,-0.092176
-607,-272,30326,-1,-1,1,-646,-1139,3106,-56344188,-56344188,-0.010161,-0.018528,-0.184519,0.995687,-0.005912,-0.008756,-0.09217
-559,-240,30512,-1,-2,0,-808,-922,3188,-56344087,-56344086,-0.010154,-0.018535,-0.184486,0.995689,-0.005909,-0.00876,-0.092154
-659,-316,30520,-1,-1,0,-808,-976,3188,-56343985,-56343985,-0.010072,-0.018489,-0.184465,0.99569,-0.005866,-0.008741,-0.092143
-567,-292,30540,-2,-2,0,-700,-949,3106,-56343884,-56343883,-0.010061,-0.018527,-0.184469,0.99569,-0.005862,-0.008761,-0.092145
-515,-236,30702,-1,-1,1,-673,-922,2996,-56343782,-56343781,-0.010044,-0.018596,-0.184448,0.995691,-0.005856,-0.008796,-0.092134
-607,-268,30591,-1,-1,-1,-781,-840,3106,-56343681,-56343680,-0.00997,-0.018634,-0.184432,0.995691,-0.005822,-0.008818,-0.092126
-463,-276,30425,-1,-2,0,-808,-976,3133,-56343579,-56343578,-0.00993,-0.018606,-0.1844,0.995693,-0.0058,-0.008806,-0.09211
-643,-264,30461,-1,-1,0,-889,-840,3298,-56343478,-56343477,-0.009929,-0.018553,-0.184378,0.995694,-0.005797,-0.00878,-0.092099
-543,-264,30481,-1,-1,0,-889,-895,3106,-56343376,-56343375,-0.009811,-0.018613,-0.184374,0.995694,-0.005741,-0.008815,-0.092097
-623,-212,30469,-1,-3,1,-673,-868,3326,-56343274,-56343274,-0.009802,-0.018643,-0.184384,0.995694,-0.005738,-0.008831,-0.092102
-579,-232,30595,-2,-2,0,-727,-1057,2941,-56343173,-56343172,-0.009739,-0.018608,-0.184384,0.995694,-0.005705,-0.008816,-0.092102
-563,-312,30473,-1,-2,0,-781,-1085,3298,-56343071,-56343071,-0.009725,-0.018651,-0.184388,0.995694,-0.0057,-0.008838,-0.092104
-451,-372,30671,-2,-1,1,-727,-868,3051,-56342970,-56342969,-0.009695,-0.018708,-0.184393,0.995694,-0.005688,-0.008868,-0.092106
-667,-288,30607,-1,-1,0,-646,-840,3161,-56342868,-56342868,-0.009696,-0.018761,-0.184409,0.995693,-0.005691,-0.008894,-0.092114
-407,-416,30627,-2,-2,-1,-943,-1003,3161,-56342767,-56342766,-0.009685,-0.01878,-0.184413,0.995692,-0.005686,-0.008904,-0.092116
-527,-280,30401,-1,-1,0,-781,-895,3161,-56342665,-56342664,-0.009627,-0.018807,-0.184429,0.995692,-0.005659,-0.00892,-0.092124
-563,-228,30580,-1,-1,0,-727,-976,3188,-56342564,-56342563,-0.009655,-0.018734,-0.184423,0.995692,-0.005669,-0.008882,-0.092121
-615,-284,30489,-1,0,-1,-781,-1003,2968,-56342462,-56342461,-0.009648,-0.018789,-0.184401,0.995693,-0.005668,-0.00891,-0.09211
-539,-380,30433,-1,-2,0,-619,-786,2996,-56342360,-56342360,-0.009542,-0.018818,-0.184407,0.995693,-0.005617,-0.00893,-0.092113
-683,-264,30552,-2,-2,0,-862,-732,3051,-56342259,-56342258,-0.009497,-0.018797,-0.184391,0.995694,-0.005593,-0.008921,-0.092104
-635,-340,30516,-1,-2,0,-997,-1112,3271,-56342157,-56342157,-0.009455,-0.018833,-0.184402,0.995693,-0.005574,-0.008941,-0.09211
-611,-348,30453,-1,-1,0,-727,-976,3133,-56342056,-56342055,-0.009438,-0.018794,-0.18437,0.995695,-0.005564,-0.008922,-0.092093
-559,-304,30473,-1,-2,0,-889,-1085,3161,-56341954,-56341953,-0.009497,-0.01877,-0.184342,0.995696,-0.005592,-0.008908,-0.09208
-651,-304,30572,-1,-1,0,-781,-1003,3023,-56341852,-56341852,-0.009421,-0.018781,-0.184352,0.995696,-0.005555,-0.008917,-0.092084
-487,-308,30477,0,0,1,-862,-1112,2996,-56341751,-56341750,-0.009387,-0.018798,-0.184351,0.995696,-0.005538,-0.008927,-0.092084
-607,-216,30437,-1,-1,1,-700,-895,3216,-56341649,-56341649,-0.009372,-0.018725,-0.184298,0.995699,-0.005527,-0.008892,-0.092057
-547,-280,30437,-1,-2,-1,-862,-922,3188,-56341548,-56341547,-0.009329,-0.01862,-0.184287,0.9957,-0.005501,-0.008841,-0.092052
-703,-368,30449,-1,-1,1,-835,-895,3216,-56341446,-56341446,-0.009344,-0.018608,-0.184281,0.9957,-0.005508,-0.008834,-0.092049
-655,-316,30572,0,0,0,-889,-949,3216,-56341345,-56341344,-0.009342,-0.018619,-0.18427,0.995701,-0.005508,-0.00884,-0.092043
-579,-244,30437,-1,-1,-1,-862,-922,3133,-56341241,-56341240,-0.009334,-0.018592,-0.184289,0.9957,-0.005502,-0.008827,-0.092053
-495,-360,30469,-1,-3,-1,-727,-786,3051,-56341139,-56341139,-0.009263,-0.018589,-0.184289,0.9957,-0.005467,-0.008828,-0.092052
-607,-260,30496,-1,-2,1,-673,-922,3051,-56341038,-56341037,-0.009288,-0.018649,-0.184282,0.9957,-0.005482,-0.008857,-0.092049
-555,-316,30702,-1,-2,1,-943,-895,3106,-56340936,-56340935,-0.0093,-0.018691,-0.184276,0.9957,-0.00549,-0.008878,-0.092046
-487,-308,30461,0,0,1,-673,-1057,3188,-56340835,-56340834,-0.009309,-0.018733,-0.184269,0.9957,-0.005496,-0.008899,-0.092043
-523,-356,30386,-1,-2,1,-808,-922,3133,-56340733,-56340732,-0.009246,-0.018697,-0.184259,0.995701,-0.005463,-0.008883,-0.092037
-579,-192,30544,-1,-1,-1,-727,-922,3051,-56340632,-56340631,-0.00931,-0.018684,-0.184214,0.995703,-0.005494,-0.008874,-0.092015
-511,-220,30639,0,0,0,-943,-949,3161,-56340530,-56340529,-0.00929,-0.018685,-0.184176,0.995705,-0.005484,-0.008876,-0.091996
-539,-244,30564,0,0,1,-781,-1003,3106,-56340428,-56340428,-0.00925,-0.018633,-0.184159,0.995706,-0.005462,-0.008851,-0.091987
-635,-328,30572,-1,-2,0,-835,-840,3216,-56340327,-56340326,-0.009212,-0.018578,-0.18417,0.995706,-0.00544,-0.008826,-0.091992
-591,-420,30469,-1,-2,0,-862,-868,3271,-56340225,-56340224,-0.009271,-0.018641,-0.184157,0.995706,-0.005473,-0.008855,-0.091986
-599,-212,30271,-2,-1,0,-781,-1003,3216,-56340123,-56340123,-0.009285,-0.018607,-0.184134,0.995707,-0.005478,-0.008837,-0.091975
-667,-276,30591,0,0,0,-673,-786,3188,-56340022,-56340021,-0.009159,-0.018618,-0.184135,0.995707,-0.005416,-0.008848,-0.091975
-643,-224,30492,-2,-2,-1,-943,-895,3106,-56339920,-56339920,-0.009149,-0.01859,-0.184102,0.995709,-0.005409,-0.008835,-0.091958
-523,-300,30595,-1,-1,-1,-512,-895,3106,-56339819,-56339818,-0.009126,-0.018591,-0.184112,0.995709,-0.005398,-0.008837,-0.091963
-523,-220,30564,-2,-1,1,-916,-922,3133,-56339717,-56339717,-0.009095,-0.018613,-0.184085,0.99571,-0.005384,-0.008849,-0.09195
-591,-296,30457,-1,-1,0,-862,-922,3133,-56339616,-56339615,-0.00912,-0.018597,-0.184063,0.995711,-0.005395,-0.00884,-0.091939
-611,-276,30508,-1,-2,-1,-862,-922,2996,-56339514,-56339513,-0.009157,-0.01857,-0.184056,0.995711,-0.005412,-0.008825,-0.091936
-659,-216,30655,-2,-2,0,-727,-922,3051,-56339412,-56339412,-0.009194,-0.01862,-0.184055,0.995711,-0.005433,-0.008848,-0.091935
-619,-256,30587,-1,-2,-1,-700,-840,3161,-56339311,-56339310,-0.009206,-0.01867,-0.184059,0.99571,-0.005441,-0.008872,-0.091938
-615,-324,30477,-1,-1,0,-727,-976,3051,-56339209,-56339209,-0.009205,-0.018648,-0.184107,0.995708,-0.00544,-0.008861,-0.091961
-615,-228,30663,-1,-2,0,-808,-868,3051,-56339108,-56339107,-0.00921,-0.018683,-0.184079,0.995709,-0.005444,-0.008879,-0.091948
-679,-224,30742,0,0,0,-889,-895,3298,-56339006,-56339006,-0.009207,-0.018682,-0.184074,0.99571,-0.005442,-0.008878,-0.091945
-611,-312,30528,-1,-1,0,-808,-976,3188,-56338904,-56338904,-0.009239,-0.018686,-0.184072,0.99571,-0.005459,-0.008878,-0.091944
-583,-328,30465,-1,-1,0,-727,-1112,3133,-56338803,-56338802,-0.009282,-0.018667,-0.184039,0.995711,-0.005479,-0.008867,-0.091928
-491,-316,30437,-1,-2,-1,-835,-949,3023,-56338701,-56338701,-0.009323,-0.018715,-0.184063,0.99571,-0.005502,-0.008889,-0.09194
-599,-292,30516,0,0,0,-835,-949,2913,-56338600,-56338599,-0.009351,-0.018758,-0.184073,0.995709,-0.005518,-0.008909,-0.091945
-547,-356,30318,-1,-2,0,-781,-840,3106,-56338498,-56338497,-0.009357,-0.018677,-0.184056,0.99571,-0.005517,-0.008869,-0.091937
-487,-272,30394,0,0,-2,-862,-976,3051,-56338397,-56338396,-0.009337,-0.01864,-0.184077,0.995709,-0.005505,-0.008851,-0.091947
-447,-304,30639,-3,-1,1,-781,-949,3106,-56338295,-56338294,-0.009402,-0.018686,-0.184092,0.995708,-0.00554,-0.008871,-0.091955
-567,-212,30694,-1,-1,0,-835,-895,3161,-56338194,-56338193,-0.009427,-0.018675,-0.184075,0.995709,-0.005551,-0.008865,-0.091946
-403,-232,30473,-2,-1,0,-808,-1057,3188,-56338092,-56338091,-0.009432,-0.018622,-0.184048,0.995711,-0.005552,-0.008838,-0.091933
-627,-300,30583,0,0,1,-835,-949,3161,-56337991,-56337990,-0.009379,-0.018594,-0.184026,0.995712,-0.005523,-0.008827,-0.091922
-623,-296,30492,-1,-3,-1,-808,-922,3051,-56337889,-56337888,-0.009364,-0.018638,-0.184026,0.995712,-0.005518,-0.008849,-0.091921
-579,-444,29832,1,-1,0,-862,-976,3051,-56337787,-56337787,-0.009218,-0.018699,-0.184018,0.995712,-0.005448,-0.008886,-0.091917
-323,-104,30639,10,-4,0,-889,-759,3298,-56337686,-56337685,-0.009618,-0.018769,-0.183999,0.995712,-0.005651,-0.008903,-0.09191
-527,-328,30611,8,-3,-2,-700,-759,3216,-56337584,-56337584,-0.009528,-0.01878,-0.184035,0.99571,-0.005606,-0.008912,-0.091927
27,998,-32135,3,-195,-29,-673,-922,3188,-56337483,-56337482,-0.001068,-0.022935,-0.184527,0.995681,-0.001588,-0.011369,-0.092133
-1585,1815,-30015,250,-220,141,-727,-868,3051,-56337381,-56337380,0.017188,-0.058851,-0.180091,0.995503,0.00591,-0.030073,-0.08963
-754,1218,-32167,157,279,-91,-916,-732,2858,-56337280,-56337279,0.045442,-0.043623,-0.170766,0.995905,0.020771,-0.023662,-0.084743
-1194,2276,-29781,282,43,77,-889,-759,2968,-56337178,-56337177,0.0689,-0.025169,-0.170037,0.995755,0.033248,-0.015456,-0.084427
7,509,-27605,-103,-180,-184,-862,-786,2996,-56337077,-56337076,0.078659,-0.034486,-0.172133,0.995438,0.037687,-0.020544,-0.085206
-519,2649,-29172,-110,84,-35,-1050,-678,2858,-56336975,-56336974,0.063344,-0.034566,-0.189083,0.994938,0.02989,-0.020185,-0.093795
-1449,3002,-31344,20,61,212,-1024,-705,2968,-56336873,-56336873,0.062512,-0.022311,-0.177979,0.995526,0.030135,-0.013883,-0.088476
-962,1419,32538,-71,55,25,-997,-786,2858,-56336772,-56336771,0.061128,-0.021054,-0.162906,0.99619,0.0296,-0.012973,-0.081
-1042,336,30718,-184,19,137,-889,-759,2639,-56336670,-56336670,0.037791,-0.01859,-0.161891,0.996519,0.01808,-0.01079,-0.080664
-123,1715,28961,134,-203,442,-943,-1003,2831,-56336569,-56336568,0.029219,-0.032528,-0.123108,0.997882,0.013579,-0.017129,-0.061263
-1425,3567,27881,-378,-60,200,-646,-840,2694,-56336467,-56336467,0.015341,-0.04774,-0.0891,0.998702,0.006598,-0.024185,-0.044339
-2772,1579,25116,-264,226,40,-727,-1057,2611,-56336366,-56336365,-0.000638,-0.036553,-0.078655,0.99906,-0.001037,-0.018249,-0.039317
-1945,2797,23414,-7,13,83,-646,-1003,2584,-56336264,-56336264,-0.001075,-0.032136,-0.079419,0.999082,-0.001175,-0.016034,-0.039702
-1218,2000,23149,48,46,211,-619,-1166,2666,-56336163,-56336162,0.015869,-0.031999,-0.065604,0.999307,0.007405,-0.01625,-0.032664
551,384,25484,56,-51,-150,-431,-1166,2529,-56336061,-56336061,0.027419,-0.031041,-0.061195,0.999324,0.013226,-0.015931,-0.030373
-3926,1651,25357,228,-335,-86,-350,-1139,2584,-56335960,-56335959,0.038163,-0.035261,-0.085425,0.998765,0.018307,-0.018425,-0.042349
127,-1046,29112,117,2,-171,-458,-1139,2584,-56335858,-56335858,0.063897,-0.039773,-0.081715,0.998484,0.031098,-0.021163,-0.040183
-131,2232,28661,114,130,-196,-485,-1057,2474,-56335757,-56335756,0.063648,-0.023902,-0.1069,0.998015,0.031133,-0.013627,-0.053014
-902,942,28811,-581,-415,-237,-592,-1003,2639,-56335655,-56335655,0.048932,-0.029131,-0.126174,0.997629,0.023494,-0.016074,-0.062664
-2196,160,28574,-45,24,-202,-592,-1193,2639,-56335554,-56335553,-0.003522,-0.063277,-0.154481,0.996514,-0.004196,-0.031403,-0.077181
-51,589,29844,-39,203,-226,-700,-1193,2501,-56335452,-56335451,0.013325,-0.038316,-0.176926,0.995896,0.004943,-0.01967,-0.088202
-1761,1018,30682,-93,300,-188,-592,-1247,2501,-56335351,-56335350,-0.004683,-0.018754,-0.20244,0.994833,-0.003277,-0.009092,-0.101064
579,-1166,30299,-108,173,-84,-377,-1220,2529,-56335249,-56335248,0.017933,0.015244,-0.211663,0.994329,0.009721,0.006632,-0.105695
-3818,-236,31577,-122,-510,-45,-646,-1085,2584,-56335148,-56335147,-0.016478,-0.014884,-0.222274,0.993763,-0.009013,-0.006482,-0.110962
1058,773,30845,228,147,165,-808,-1166,2529,-56335046,-56335045,-0.006529,-0.036342,-0.217489,0.993917,-0.005217,-0.017708,-0.108571
-343,1892,30797,169,5,-17,-727,-1302,2529,-56334944,-56334944,-0.014602,-0.044038,-0.207552,0.994336,-0.009541,-0.021142,-0.103722
1086,184,27711,41,96,-56,-592,-1085,2639,-56334841,-56334840,0.018825,-0.005689,-0.205752,0.994668,0.00907,-0.003796,-0.102663
-3427,1779,30730,-65,-101,-15,-646,-1193,2446,-56334739,-56334739,0.013982,-0.024333,-0.211637,0.994318,0.005666,-0.012836,-0.105526
-67,2264,30809,-190,-13,5,-619,-976,2419,-56334638,-56334637,0.008672,-0.031891,-0.209019,0.994415,0.002649,-0.01631,-0.104237
-683,2874,29978,4,-48,-14,-619,-1112,2474,-56334536,-56334535,0.008555,-0.034882,-0.209372,0.994373,0.002431,-0.017792,-0.104404
-1789,3423,30928,-3,-17,-33,-700,-1139,2639,-56334435,-56334434,0.011847,-0.040109,-0.212762,0.994142,0.003759,-0.020568,-0.106039
-1449,2785,31240,137,29,-22,-673,-1220,2474,-56334333,-56334332,0.027115,-0.034371,-0.215732,0.993975,0.011627,-0.018543,-0.107399
-383,1483,30164,158,14,26,-619,-1057,2529,-56334231,-56334231,0.048207,-0.032772,-0.214399,0.99388,0.022207,-0.018865,-0.106556
-1410,833,31513,166,43,101,-592,-1193,2364,-56334130,-56334129,0.037572,-0.024069,-0.211242,0.994204,0.01741,-0.013945,-0.105174
-958,-76,30453,-179,7,214,-485,-1057,2281,-56334028,-56334027,0.039153,-0.020092,-0.190982,0.995222,0.018527,-0.011865,-0.095127
-451,2697,28748,-162,22,57,-592,-1085,2639,-56333927,-56333926,0.021922,-0.02242,-0.176941,0.995978,0.009927,-0.012134,-0.088222
231,2693,31347,-31,-53,-82,-781,-1139,2639,-56333825,-56333824,0.010644,-0.016871,-0.179386,0.995935,0.004545,-0.008878,-0.089524
-1801,929,31691,414,-58,-72,-673,-1057,2529,-56333723,-56333723,0.03021,-0.025348,-0.18951,0.995339,0.013837,-0.014044,-0.094404
-1605,-1378,-30406,0,36,-274,-835,-1003,2364,-56333622,-56333621,0.038465,-0.021418,-0.210975,0.994222,0.017996,-0.012672,-0.105062
-1717,-128,28285,-41,44,-164,-808,-976,2281,-56333520,-56333519,0.041557,-0.022428,-0.235973,0.992798,0.019311,-0.013579,-0.117449
-946,1350,25903,51,-14,76,-889,-895,2309,-56333419,-56333418,0.039641,-0.018077,-0.238312,0.992695,0.018604,-0.011329,-0.118668
-1509,1843,31778,-52,-91,100,-943,-949,2446,-56333317,-56333316,0.031958,-0.029623,-0.230548,0.993155,0.014167,-0.016548,-0.114757
-543,1884,31664,123,27,173,-1266,-949,2309,-56333215,-56333215,0.043953,-0.031731,-0.212663,0.994024,0.020164,-0.018103,-0.105746
-415,-428,-30470,-123,43,88,-1158,-922,2419,-56333114,-56333113,0.050035,-0.031364,-0.200326,0.994594,0.023319,-0.018099,-0.099562
798,-681,29709,-138,16,190,-1158,-922,2199,-56333012,-56333012,0.048305,-0.022527,-0.18129,0.995566,0.02303,-0.0134,-0.090218
-778,1511,26663,-25,-115,39,-1320,-1003,2171,-56332911,-56332910,0.033618,-0.030535,-0.170209,0.996146,0.015448,-0.016638,-0.084724
862,1178,30223,-150,-35,-36,-1320,-1003,2254,-56332809,-56332809,0.021992,-0.029901,-0.168876,0.996279,0.009695,-0.015823,-0.084159
-315,938,32388,228,-111,-9,-1482,-1220,2089,-56332708,-56332707,0.025563,-0.035704,-0.173663,0.996012,0.011183,-0.018891,-0.086474
-1441,372,31442,167,89,11,-1401,-1410,2144,-56332606,-56332606,0.042755,-0.033929,-0.170522,0.996027,0.019851,-0.018718,-0.084765
-1485,-1090,29923,78,6,-159,-1320,-1329,2171,-56332504,-56332504,0.037616,-0.02749,-0.179658,0.995721,0.017496,-0.015374,-0.089427
-1449,20,28993,-81,144,-151,-1562,-1247,2171,-56332403,-56332402,0.022591,-0.021736,-0.200847,0.994852,0.010148,-0.011945,-0.10012
-810,869,27046,27,-87,-37,-1347,-1410,2199,-56332301,-56332300,0.020736,-0.018716,-0.208453,0.994486,0.009337,-0.010385,-0.103931
-2592,2377,29286,18,51,33,-1589,-1302,2089,-56332200,-56332199,0.021714,-0.02425,-0.209457,0.994403,0.009529,-0.013192,-0.104392
307,1094,-32246,71,-6,140,-1455,-1437,1841,-56332098,-56332097,0.030895,-0.020244,-0.199891,0.994856,0.014359,-0.011611,-0.099607
-1406,-28,32764,0,17,211,-1562,-1437,1979,-56331996,-56331996,0.037872,-0.021602,-0.181577,0.995664,0.017877,-0.012471,-0.090439
902,-1703,32324,-233,-85,98,-1482,-1600,2006,-56331895,-56331894,0.024728,-0.021761,-0.162457,0.996579,0.011439,-0.011847,-0.080994
-1937,869,26983,18,-34,6,-1509,-1681,2034,-56331793,-56331792,0.015626,-0.032638,-0.158807,0.996696,0.006493,-0.016886,-0.07918
131,1082,30477,40,-68,-34,-1509,-1763,2034,-56331692,-56331691,0.013125,-0.030347,-0.160721,0.996645,0.005322,-0.01565,-0.080164
-635,-48,31846,75,-7,-8,-1616,-1817,1979,-56331590,-56331589,0.02537,-0.035587,-0.163073,0.996458,0.011191,-0.018765,-0.081202
1038,-2357,-31938,-188,33,-157,-1616,-1871,1786,-56331489,-56331488,0.027555,-0.025875,-0.167778,0.99632,0.012643,-0.014045,-0.083598
-1705,-1535,28146,-107,126,-184,-1616,-1817,1924,-56331387,-56331386,0.02372,-0.02614,-0.190022,0.99535,0.010566,-0.014135,-0.094699
-463,721,27173,33,10,5,-1616,-2007,2034,-56331285,-56331285,0.010785,-0.018469,-0.199122,0.994996,0.004448,-0.009724,-0.099341
-1118,713,29768,-67,-129,8,-1589,-2034,2089,-56331184,-56331183,0.010969,-0.029879,-0.197447,0.995013,0.003985,-0.015406,-0.098469
-1334,2328,30599,31,124,118,-1509,-2197,2116,-56331082,-56331082,0.01304,-0.028724,-0.19105,0.995326,0.00512,-0.014918,-0.095275
19,-216,-31847,7,-2,80,-1455,-2061,2116,-56330981,-56330980,0.017792,-0.016958,-0.178554,0.995949,0.008104,-0.009238,-0.089077
-730,-1908,28487,15,-35,124,-1320,-2061,1979,-56330879,-56330878,0.024248,-0.024513,-0.16831,0.996325,0.01105,-0.013231,-0.083895
79,108,32641,-154,-136,38,-1266,-2061,2034,-56330778,-56330777,-0.002892,-0.026826,-0.158467,0.99677,-0.002503,-0.013256,-0.079163
667,1018,27941,-56,23,76,-1158,-2224,2006,-56330676,-56330675,-0.004971,-0.026576,-0.152876,0.996986,-0.003492,-0.013059,-0.076389
-1485,344,32403,75,-130,17,-1050,-2278,2006,-56330575,-56330574,-0.003198,-0.030261,-0.147879,0.997151,-0.002712,-0.014971,-0.073888
-419,-641,31941,266,121,-110,-1077,-2197,2034,-56330473,-56330472,0.015149,-0.03653,-0.151693,0.996941,0.006168,-0.018785,-0.075621
-2548,-1118,29800,153,66,-204,-1077,-2359,2034,-56330372,-56330371,0.020304,-0.02374,-0.172724,0.996162,0.00909,-0.0127,-0.086124
-1286,308,28158,-29,-10,-64,-916,-2332,2089,-56330270,-56330270,0.012659,-0.023778,-0.187864,0.995508,0.005186,-0.01243,-0.09371
-627,921,27486,-86,-46,-69,-997,-2414,1869,-56330169,-56330168,0.011383,-0.027014,-0.193045,0.995246,0.004363,-0.013992,-0.096286
-1282,2176,30196,19,73,142,-997,-2414,1869,-56330067,-56330067,0.008817,-0.02467,-0.190969,0.995365,0.003212,-0.012698,-0.095277
-1006,408,-31617,-10,-159,119,-997,-2278,2089,-56329966,-56329965,0.016868,-0.034015,-0.173203,0.996085,0.00693,-0.017672,-0.086335
-2576,1198,32431,-13,114,145,-889,-2495,2171,-56329864,-56329864,0.013114,-0.036755,-0.163009,0.9965,0.005038,-0.018849,-0.081279
-255,-789,32142,-235,-65,129,-835,-2305,2034,-56329763,-56329762,0.001413,-0.032421,-0.14343,0.997299,-0.000457,-0.016219,-0.071633
-958,1330,26587,16,63,25,-727,-2576,1869,-56329661,-56329661,-0.002092,-0.03582,-0.136754,0.997501,-0.002267,-0.017796,-0.068331
-211,1338,31672,225,-95,-76,-646,-2495,2034,-56329560,-56329559,0.005895,-0.03476,-0.140419,0.997385,0.001721,-0.017543,-0.07009
-1781,396,-32357,235,-44,-176,-592,-2441,1924,-56329458,-56329458,0.030451,-0.0406,-0.154512,0.99672,0.01361,-0.021411,-0.076846
-579,-332,28882,66,131,-158,-485,-2142,1869,-56329357,-56329356,0.039912,-0.037594,-0.173519,0.995897,0.018248,-0.02045,-0.086244
-1897,64,30299,-143,80,-93,-646,-2359,2034,-56329255,-56329255,0.021661,-0.024296,-0.185747,0.995571,0.009656,-0.013099,-0.092597
-239,966,26488,-94,-20,-16,-458,-2359,1841,-56329154,-56329153,0.016739,-0.022687,-0.190665,0.995369,0.007251,-0.012088,-0.095084
-1262,942,30556,-2,28,73,-350,-2359,1924,-56329052,-56329051,0.008467,-0.023003,-0.188858,0.995475,0.00313,-0.011849,-0.094233
-651,-1014,-31431,28,154,105,-377,-2278,1869,-56328951,-56328950,0.010999,-0.016823,-0.179436,0.995932,0.004723,-0.00887,-0.089547
-543,-1250,30247,-19,-19,179,-215,-2197,2034,-56328849,-56328848,0.00963,-0.004569,-0.162667,0.996681,0.004613,-0.002668,-0.081232
-1086,1675,28898,-63,-125,9,-188,-2034,2006,-56328747,-56328747,-0.005317,-0.013265,-0.153574,0.997027,-0.003159,-0.006409,-0.076727
714,950,28949,-71,-58,9,-377,-2278,2199,-56328646,-56328645,-0.007548,-0.02032,-0.153291,0.997003,-0.004541,-0.009841,-0.076604
-882,68,-31605,76,24,-155,-215,-2197,2116,-56328542,-56328542,0.006598,-0.029654,-0.163174,0.996563,0.002079,-0.015046,-0.081439
-523,-477,30473,56,-54,-84,-404,-2007,2116,-56328441,-56328440,0.011391,-0.028574,-0.177497,0.995954,0.004406,-0.014735,-0.08854
-1553,-901,30667,-152,10,26,-296,-1844,2006,-56328339,-56328338,-0.003093,-0.034211,-0.180614,0.995776,-0.003083,-0.016896,-0.090197
-766,881,25123,53,21,-26,-404,-1871,2254,-56328238,-56328237,0.000088,-0.032914,-0.178642,0.995879,-0.001424,-0.016395,-0.08919
-1981,946,30643,105,46,-39,-431,-1790,2199,-56328136,-56328136,0.006628,-0.028782,-0.184146,0.99566,0.001976,-0.014634,-0.091886
-1737,942,-32757,117,53,19,-458,-1681,2171,-56328035,-56328034,0.015914,-0.028227,-0.185517,0.995581,0.006615,-0.014789,-0.092502
850,-1150,30334,-106,226,188,-458,-1925,2309,-56327933,-56327932,0.023693,-0.012336,-0.174854,0.996098,0.011262,-0.007178,-0.087235
-95,-1467,31050,-28,-261,30,-431,-1790,2144,-56327832,-56327831,0.005711,-0.017202,-0.159973,0.996764,0.002159,-0.008802,-0.079874
-51,1142,27042,-110,63,-85,-404,-1681,2116,-56327730,-56327730,-0.000722,-0.024365,-0.164113,0.996561,-0.001358,-0.012112,-0.081963
59,1727,30018,37,-35,-112,-404,-1627,2116,-56327629,-56327628,0.002427,-0.023842,-0.175999,0.99606,0.000161,-0.011981,-0.087865
-838,432,-31542,174,-22,-94,-485,-1790,2281,-56327527,-56327527,0.01424,-0.020086,-0.184934,0.995659,0.006162,-0.010657,-0.092257
335,-769,32285,86,-106,-161,-458,-1817,2446,-56327426,-56327425,0.02686,-0.027277,-0.19623,0.995026,0.012028,-0.014887,-0.097757
-1629,-733,32265,-269,121,-26,-458,-1681,2309,-56327324,-56327324,0.007634,-0.018668,-0.207466,0.994578,0.00283,-0.009679,-0.103507
-826,1751,26583,-20,-64,5,-619,-1600,2281,-56327223,-56327222,-0.000262,-0.020156,-0.205933,0.994653,-0.001166,-0.010011,-0.102781
-1398,1992,27319,114,4,90,-700,-1573,2171,-56327121,-56327121,0.005964,-0.023102,-0.20332,0.99477,0.001794,-0.011794,-0.101444
-902,412,-31146,58,-96,145,-700,-1573,2171,-56327020,-56327019,0.011589,-0.029876,-0.189674,0.995387,0.004353,-0.015419,-0.094597
-1565,681,32669,52,123,203,-889,-1627,2116,-56326918,-56326918,0.018963,-0.025308,-0.171132,0.996227,0.008364,-0.013417,-0.085331
371,-1811,-32048,-113,-25,96,-916,-1736,2281,-56326817,-56326816,0.009144,-0.020423,-0.153198,0.997009,0.003777,-0.010531,-0.076473
-1402,224,25966,-67,-4,7,-916,-1790,2529,-56326715,-56326715,-0.002958,-0.023806,-0.150186,0.997109,-0.002368,-0.011758,-0.075035
-79,797,28091,11,-69,-79,-943,-1817,2364,-56326614,-56326613,-0.006442,-0.024628,-0.154624,0.996929,-0.004162,-0.012028,-0.077268
-43,-148,-30129,145,9,-107,-916,-1844,2281,-56326512,-56326512,-0.002939,-0.02125,-0.164585,0.996557,-0.002338,-0.010468,-0.082211
287,-689,32344,125,-51,-258,-835,-2197,2364,-56326411,-56326410,0.026188,-0.026795,-0.181687,0.995718,0.011823,-0.014528,-0.090528
-3626,-1062,31770,-228,107,-189,-1050,-1980,2419,-56326309,-56326308,0.019245,-0.025064,-0.210081,0.994377,0.008255,-0.013471,-0.104715
679,1535,24716,-44,41,88,-997,-1790,2419,-56326207,-56326207,0.003502,-0.015613,-0.213693,0.994267,0.000909,-0.007949,-0.106626
-2228,1867,28035,71,-94,49,-889,-2007,2309,-56326106,-56326105,0.004912,-0.023241,-0.207431,0.994559,0.00124,-0.011812,-0.103494
-1262,28,32138,96,-10,135,-1050,-1980,2474,-56326004,-56326004,0.016013,-0.029954,-0.196756,0.995033,0.006496,-0.01569,-0.098086
-2252,8,-29849,-25,-52,121,-1024,-2007,2364,-56325903,-56325902,0.008926,-0.033167,-0.183992,0.995631,0.00292,-0.016922,-0.091779
1457,-1635,-32104,-112,-137,125,-1131,-2007,2364,-56325801,-56325801,0.006718,-0.038833,-0.168844,0.996251,0.001709,-0.019629,-0.08424
-1861,601,25377,103,6,41,-1050,-1898,2281,-56325700,-56325699,0.004685,-0.045384,-0.160434,0.996529,0.000516,-0.022805,-0.080057
750,1070,27189,22,-15,-127,-1077,-2061,2446,-56325598,-56325597,0.006564,-0.037766,-0.16392,0.996465,0.001725,-0.019087,-0.081791
459,-212,-31673,29,3,-114,-1024,-2007,2364,-56325497,-56325496,0.014175,-0.035751,-0.177909,0.995873,0.00547,-0.018433,-0.088695
-1857,701,31185,240,56,-112,-1131,-1925,2446,-56325395,-56325394,0.032277,-0.028427,-0.188834,0.995337,0.014725,-0.015669,-0.094027
-3630,-1952,32720,-168,67,-248,-1104,-1898,2474,-56325293,-56325293,0.024417,-0.030039,-0.207051,0.994479,0.010589,-0.016199,-0.103139
862,942,25555,-144,134,-42,-1266,-1925,2309,-56325192,-56325191,0.001267,-0.013072,-0.222433,0.993801,-0.000096,-0.006566,-0.110981
-1825,677,28380,-50,-63,33,-1212,-1871,2364,-56325090,-56325090,-0.002811,-0.02044,-0.223313,0.993718,-0.002535,-0.01,-0.111433
-890,1467,32593,27,6,106,-1239,-1980,2529,-56324989,-56324988,0.002443,-0.021608,-0.214272,0.994209,0.000059,-0.010873,-0.106912
-527,-689,-30830,143,6,124,-1050,-2088,2336,-56324887,-56324887,0.010824,-0.019257,-0.202056,0.994846,0.004413,-0.010125,-0.100798
423,-1382,29824,-33,9,143,-862,-1980,2529,-56324786,-56324785,0.021405,-0.014554,-0.184674,0.995664,0.009985,-0.008232,-0.09212
-2228,-797,30868,-125,-110,-7,-916,-2034,2666,-56324684,-56324683,-0.002052,-0.021145,-0.17997,0.995897,-0.001972,-0.010437,-0.08987
539,1531,26983,-141,23,2,-997,-1898,2611,-56324583,-56324582,-0.004964,-0.026478,-0.179602,0.995877,-0.003659,-0.012963,-0.089705
475,1655,30809,108,-96,-34,-997,-1790,2419,-56324481,-56324480,-0.001867,-0.027177,-0.18165,0.995785,-0.002162,-0.013447,-0.090704
-703,938,32732,121,-39,-95,-1050,-1736,2666,-56324379,-56324379,0.014387,-0.033712,-0.188094,0.995425,0.005578,-0.017456,-0.093772
-974,-745,31430,85,22,-154,-1104,-1844,2611,-56324278,-56324277,0.022169,-0.033068,-0.201301,0.99476,0.009365,-0.017562,-0.100279
-2808,-954,31418,-93,112,-71,-1104,-1546,2529,-56324176,-56324175,0.014745,-0.027651,-0.214948,0.994119,0.005846,-0.014536,-0.107153
-734,529,27023,3,80,-88,-1104,-1464,2666,-56324074,-56324074,0.007799,-0.020835,-0.222535,0.993759,0.002718,-0.010786,-0.110991
-1066,1667,26904,78,101,3,-1212,-1519,2584,-56323973,-56323972,0.014334,-0.018401,-0.229254,0.993378,0.006068,-0.009959,-0.114303
-27,-897,32494,166,-10,166,-1239,-1546,2611,-56323872,-56323871,0.03119,-0.012793,-0.219302,0.993864,0.0148,-0.008064,-0.109317
-543,-44,-31981,70,11,238,-1131,-1437,2639,-56323770,-56323769,0.043207,-0.010817,-0.197903,0.994873,0.020962,-0.007515,-0.09865
167,-1739,-32349,-156,-159,190,-1158,-1356,2611,-56323669,-56323668,0.032266,-0.018294,-0.171873,0.996151,0.015287,-0.010497,-0.085669
-3475,2152,26279,6,-57,26,-1212,-1519,2639,-56323567,-56323566,0.020024,-0.037955,-0.162586,0.996484,0.008436,-0.019726,-0.080995
535,1571,27818,0,8,-116,-1320,-1437,2501,-56323465,-56323465,0.016863,-0.037853,-0.168689,0.996245,0.006806,-0.019568,-0.084067
1210,1242,31711,50,37,-108,-1212,-1519,2584,-56323364,-56323363,0.018276,-0.026976,-0.181531,0.995763,0.007877,-0.01426,-0.090506
-1394,-929,30152,108,-29,-137,-1347,-1356,2474,-56323262,-56323262,0.038358,-0.025871,-0.194728,0.995022,0.017828,-0.014736,-0.096937
-1549,633,27834,192,9,-151,-1239,-1112,2336,-56323161,-56323160,0.023318,-0.029915,-0.216088,0.994009,0.009977,-0.016126,-0.107641
-1326,-1130,32589,-120,-49,-4,-1347,-1166,2419,-56323060,-56323059,0.012756,-0.03381,-0.224999,0.993529,0.004439,-0.017513,-0.112137
-419,537,26765,43,-50,41,-1509,-1247,2446,-56322958,-56322957,0.012351,-0.03605,-0.218171,0.993888,0.004176,-0.018589,-0.108739
-2540,805,29915,16,50,42,-1374,-1329,2446,-56322856,-56322856,0.014832,-0.038642,-0.217299,0.993906,0.005276,-0.020009,-0.10827
-1509,336,30081,192,31,145,-1509,-1383,2309,-56322755,-56322754,0.026039,-0.035077,-0.204802,0.994548,0.011156,-0.018775,-0.101971
-3818,-416,-30786,-3,8,94,-1482,-1410,2336,-56322653,-56322652,0.01461,-0.039943,-0.194307,0.995073,0.005332,-0.020584,-0.096834
-259,-2545,31066,-146,-44,8,-1401,-1302,2419,-56322552,-56322551,0.017239,-0.041633,-0.185463,0.995467,0.006653,-0.021523,-0.092396
-1521,-1354,29927,129,-41,22,-1536,-1410,2419,-56322450,-56322449,0.004171,-0.045377,-0.184116,0.995512,-0.000009,-0.022782,-0.091857
55,-1599,30350,-50,-11,-71,-1562,-1329,2446,-56322349,-56322348,0.001158,-0.045519,-0.186437,0.995402,-0.001542,-0.022713,-0.093046
11,-1567,30975,43,81,-108,-1562,-1329,2639,-56322247,-56322246,-0.000031,-0.040106,-0.19619,0.994992,-0.001979,-0.019954,-0.097918
-1573,268,29262,-18,115,-176,-1724,-1302,2474,-56322146,-56322145,-0.007987,-0.027907,-0.215412,0.994095,-0.00547,-0.013443,-0.107542
-1314,821,31569,-28,-15,13,-1562,-1085,2364,-56322042,-56322041,-0.009993,-0.032524,-0.221776,0.993705,-0.006765,-0.015609,-0.110726
-982,725,31189,-68,-14,-19,-1589,-1166,2419,-56321940,-56321940,-0.011398,-0.03391,-0.220349,0.993767,-0.007528,-0.016225,-0.11003
-223,577,30330,-46,64,-19,-1670,-1220,2281,-56321839,-56321838,-0.014978,-0.025462,-0.222868,0.993679,-0.008858,-0.011819,-0.111286
-691,40,30184,-7,-47,41,-1536,-1166,2419,-56321737,-56321737,-0.015001,-0.025975,-0.220585,0.993801,-0.008884,-0.012083,-0.110153
-195,292,30512,-71,13,45,-1589,-1302,2419,-56321636,-56321635,-0.017062,-0.026546,-0.215302,0.994075,-0.009907,-0.012279,-0.107542
-695,549,31046,-22,-1,-2,-1616,-1247,2446,-56321534,-56321534,-0.017532,-0.027177,-0.213136,0.994184,-0.010161,-0.012578,-0.106471
-535,581,30967,2,-3,2,-1616,-1193,2364,-56321433,-56321432,-0.016644,-0.024973,-0.214129,0.994151,-0.009608,-0.011525,-0.106951
-842,236,30564,13,-6,30,-1482,-1220,2281,-56321331,-56321331,-0.012196,-0.025887,-0.211994,0.994277,-0.007432,-0.012225,-0.105866
-475,493,30702,22,3,6,-1536,-1302,2419,-56321230,-56321229,-0.009782,-0.025353,-0.209422,0.994425,-0.006189,-0.012096,-0.104572
-1118,477,30876,6,11,-24,-1616,-1139,2446,-56321128,-56321128,-0.006871,-0.024741,-0.211227,0.994342,-0.00472,-0.011939,-0.105451
-451,424,30045,13,5,-26,-1589,-1302,2419,-56321027,-56321026,-0.003909,-0.023813,-0.213842,0.994215,-0.003214,-0.01163,-0.106733
-838,505,30686,14,-5,8,-1589,-1410,2529,-56320925,-56320925,-0.002167,-0.023373,-0.215015,0.994157,-0.002331,-0.011503,-0.107306
-1230,673,30864,-3,-13,-9,-1616,-1329,2446,-56320824,-56320823,-0.000246,-0.023875,-0.215267,0.994142,-0.001404,-0.011855,-0.107419
-910,897,30694,51,-20,-9,-1589,-1302,2281,-56320722,-56320722,0.002931,-0.02378,-0.215929,0.994108,0.000176,-0.011978,-0.10773
-547,641,30374,23,-8,-13,-1509,-1247,2254,-56320621,-56320620,0.007459,-0.025349,-0.217281,0.994023,0.002333,-0.013003,-0.108371
-926,725,30599,28,-3,-24,-1562,-1247,2309,-56320519,-56320519,0.011805,-0.026759,-0.218929,0.993917,0.004405,-0.013944,-0.109156
-882,725,29958,23,13,-38,-1616,-1139,2501,-56320418,-56320417,0.015826,-0.025307,-0.222384,0.993725,0.00646,-0.013452,-0.110851
-994,909,30979,1,-32,0,-1697,-1329,2501,-56320316,-56320316,0.017219,-0.025859,-0.224766,0.993584,0.007105,-0.013813,-0.112022
-758,1070,30121,-7,-22,19,-1697,-1247,2501,-56320215,-56320214,0.018344,-0.027344,-0.221885,0.993731,0.007601,-0.014602,-0.110575
-830,962,30576,2,-34,-22,-1724,-1166,2336,-56320113,-56320113,0.017883,-0.030032,-0.222057,0.993706,0.007222,-0.015913,-0.11065
-527,1374,30781,-13,3,-28,-1562,-1139,2364,-56320012,-56320011,0.017994,-0.030738,-0.225739,0.993495,0.007208,-0.016283,-0.112475
-1042,1118,30318,18,-47,7,-1697,-1085,2446,-56319910,-56319910,0.020899,-0.032761,-0.226504,0.993426,0.00853,-0.017455,-0.112819
-1062,1058,30544,-3,11,-18,-1536,-1220,2474,-56319809,-56319808,0.02164,-0.034223,-0.227857,0.993335,0.008803,-0.018229,-0.113475
-930,925,30362,4,-7,8,-1536,-1356,2474,-56319707,-56319707,0.022623,-0.032858,-0.22815,0.993324,0.009366,-0.017608,-0.11362
-1226,1062,30239,-21,-14,12,-1536,-1166,2336,-56319606,-56319605,0.022194,-0.033797,-0.226807,0.993395,0.009112,-0.018044,-0.112951
-1342,917,30785,-18,-20,-8,-1562,-1085,2171,-56319504,-56319503,0.01994,-0.035554,-0.22636,0.993416,0.007897,-0.018787,-0.112739
-1334,905,30678,-21,-14,-40,-1509,-1383,2364,-56319403,-56319402,0.020327,-0.038565,-0.228789,0.99325,0.007894,-0.020314,-0.113924
-1370,753,30283,3,-21,-20,-1670,-1302,2199,-56319301,-56319300,0.02125,-0.041143,-0.23278,0.992994,0.008162,-0.021663,-0.115879
-1182,577,30433,8,-17,33,-1589,-1302,2419,-56319200,-56319199,0.021651,-0.042139,-0.231438,0.99306,0.008318,-0.022175,-0.115202
