-483.000000,-817.000000,30382.000000,-25.000000,-8.000000,-13.000000,-2048.000000,-515.000000,2776.000000, -57671748, -57671748,0.005269,-0.001715,-0.002411,0.999995,0.002634,-0.000861,-0.001203
-379.000000,-889.000000,30425.000000,-24.000000,-8.000000,-12.000000,-2182.000000,-406.000000,2694.000000, -57671646, -57671646,0.000705,-0.003210,-0.003665,0.999997,0.000350,-0.001605,-0.001832
-255.000000,-905.000000,30587.000000,-20.000000,-8.000000,-13.000000,-2182.000000,-569.000000,2694.000000, -57671545, -57671544,-0.003493,-0.004644,-0.004881,0.999993,-0.001752,-0.002318,-0.002445
-315.000000,-833.000000,30520.000000,-21.000000,-9.000000,-12.000000,-2182.000000,-406.000000,2584.000000, -57671443, -57671442,-0.007369,-0.006003,-0.006116,0.999984,-0.003694,-0.002990,-0.003069
-583.000000,-950.000000,30524.000000,-23.000000,-8.000000,-12.000000,-2155.000000,-542.000000,2748.000000, -57671342, -57671341,-0.011025,-0.007175,-0.007331,0.999972,-0.005525,-0.003567,-0.003685
-475.000000,-925.000000,30370.000000,-22.000000,-7.000000,-13.000000,-2128.000000,-515.000000,2639.000000, -57671240, -57671240,-0.014440,-0.008350,-0.008539,0.999956,-0.007238,-0.004144,-0.004299
-563.000000,-889.000000,30473.000000,-23.000000,-9.000000,-13.000000,-2128.000000,-569.000000,2639.000000, -57671139, -57671138,-0.017674,-0.009428,-0.009735,0.999938,-0.008860,-0.004671,-0.004909
-415.000000,-889.000000,30671.000000,-23.000000,-8.000000,-12.000000,-2263.000000,-488.000000,2474.000000, -57671037, -57671037,-0.020573,-0.010485,-0.010962,0.999918,-0.010315,-0.005186,-0.005535
-435.000000,-813.000000,30512.000000,-23.000000,-9.000000,-13.000000,-2128.000000,-651.000000,2639.000000, -57670936, -57670935,-0.023397,-0.011474,-0.012177,0.999896,-0.011733,-0.005665,-0.006155
-343.000000,-917.000000,30390.000000,-22.000000,-9.000000,-13.000000,-1994.000000,-406.000000,2776.000000, -57670834, -57670834,-0.025915,-0.012355,-0.013388,0.999874,-0.012998,-0.006090,-0.006773
-471.000000,-962.000000,30370.000000,-22.000000,-8.000000,-13.000000,-2209.000000,-542.000000,2748.000000, -57670733, -57670732,-0.028326,-0.013233,-0.014624,0.999850,-0.014210,-0.006512,-0.007405
-495.000000,-913.000000,30338.000000,-22.000000,-8.000000,-14.000000,-2128.000000,-515.000000,2694.000000, -57670631, -57670631,-0.030501,-0.014030,-0.015835,0.999827,-0.015305,-0.006893,-0.008023
-435.000000,-873.000000,30496.000000,-24.000000,-9.000000,-12.000000,-2236.000000,-515.000000,2584.000000, -57670530, -57670529,-0.032518,-0.014713,-0.017037,0.999803,-0.016320,-0.007217,-0.008636
-443.000000,-785.000000,30532.000000,-22.000000,-8.000000,-13.000000,-2048.000000,-569.000000,2694.000000, -57670428, -57670427,-0.034456,-0.015340,-0.018239,0.999779,-0.017296,-0.007511,-0.009250
-407.000000,-797.000000,30318.000000,-22.000000,-9.000000,-12.000000,-2021.000000,-434.000000,2666.000000, -57670327, -57670326,-0.036248,-0.015936,-0.019431,0.999755,-0.018199,-0.007790,-0.009858
-431.000000,-917.000000,30465.000000,-22.000000,-8.000000,-12.000000,-2155.000000,-434.000000,2858.000000, -57670225, -57670225,-0.037870,-0.016473,-0.020647,0.999732,-0.019017,-0.008039,-0.010477
-375.000000,-777.000000,30469.000000,-24.000000,-6.000000,-13.000000,-1994.000000,-461.000000,2694.000000, -57670124, -57670123,-0.039471,-0.016988,-0.021906,0.999707,-0.019825,-0.008275,-0.011118
-419.000000,-913.000000,30465.000000,-23.000000,-9.000000,-13.000000,-2209.000000,-542.000000,2611.000000, -57670022, -57670021,-0.040888,-0.017457,-0.023129,0.999684,-0.020541,-0.008490,-0.011740
-391.000000,-757.000000,30445.000000,-22.000000,-9.000000,-12.000000,-2209.000000,-379.000000,2611.000000, -57669920, -57669920,-0.042185,-0.018038,-0.024335,0.999661,-0.021198,-0.008760,-0.012354
-291.000000,-801.000000,30461.000000,-22.000000,-9.000000,-13.000000,-2236.000000,-461.000000,2446.000000, -57669819, -57669818,-0.043305,-0.018450,-0.025562,0.999639,-0.021766,-0.008945,-0.012977
-475.000000,-881.000000,30275.000000,-23.000000,-9.000000,-13.000000,-2182.000000,-651.000000,2584.000000, -57669718, -57669717,-0.044417,-0.018845,-0.026779,0.999617,-0.022330,-0.009122,-0.013594
-431.000000,-1054.000000,30437.000000,-23.000000,-8.000000,-14.000000,-2209.000000,-732.000000,2748.000000, -57669616, -57669615,-0.045511,-0.019296,-0.028026,0.999593,-0.022885,-0.009326,-0.014228
-375.000000,-829.000000,30655.000000,-22.000000,-7.000000,-13.000000,-2021.000000,-434.000000,2748.000000, -57669514, -57669513,-0.046549,-0.019636,-0.029254,0.999571,-0.023413,-0.009474,-0.014850
-511.000000,-809.000000,30540.000000,-24.000000,-9.000000,-13.000000,-1994.000000,-515.000000,2694.000000, -57669413, -57669412,-0.047417,-0.019940,-0.030468,0.999550,-0.023854,-0.009605,-0.015465
-443.000000,-841.000000,30591.000000,-22.000000,-8.000000,-12.000000,-2021.000000,-542.000000,2748.000000, -57669311, -57669310,-0.048335,-0.020295,-0.031713,0.999527,-0.024322,-0.009760,-0.016095
-519.000000,-881.000000,30635.000000,-22.000000,-10.000000,-12.000000,-2209.000000,-488.000000,2611.000000, -57669210, -57669209,-0.049114,-0.020576,-0.032922,0.999506,-0.024719,-0.009879,-0.016707
-383.000000,-833.000000,30540.000000,-22.000000,-8.000000,-13.000000,-2128.000000,-651.000000,2639.000000, -57669108, -57669107,-0.049827,-0.020920,-0.034181,0.999485,-0.025084,-0.010029,-0.017344
-359.000000,-865.000000,30382.000000,-22.000000,-8.000000,-13.000000,-2128.000000,-515.000000,2584.000000, -57669006, -57669006,-0.050506,-0.021217,-0.035392,0.999464,-0.025433,-0.010156,-0.017956
-467.000000,-1022.000000,30425.000000,-22.000000,-8.000000,-13.000000,-2182.000000,-569.000000,2584.000000, -57668905, -57668904,-0.051106,-0.021512,-0.036626,0.999443,-0.025741,-0.010282,-0.018580
-379.000000,-897.000000,30401.000000,-22.000000,-8.000000,-11.000000,-2182.000000,-569.000000,2694.000000, -57668803, -57668803,-0.051682,-0.021792,-0.037841,0.999423,-0.026038,-0.010401,-0.019193
-467.000000,-793.000000,30469.000000,-22.000000,-8.000000,-12.000000,-2182.000000,-515.000000,2639.000000, -57668702, -57668701,-0.052214,-0.021978,-0.039090,0.999402,-0.026312,-0.010473,-0.019822
-475.000000,-893.000000,30607.000000,-23.000000,-9.000000,-13.000000,-2155.000000,-678.000000,2529.000000, -57668600, -57668600,-0.052745,-0.022172,-0.040316,0.999382,-0.026586,-0.010548,-0.020441
-611.000000,-837.000000,30433.000000,-23.000000,-8.000000,-13.000000,-2128.000000,-406.000000,2831.000000, -57668499, -57668498,-0.053295,-0.022333,-0.041559,0.999361,-0.026869,-0.010606,-0.021067
-471.000000,-917.000000,30378.000000,-23.000000,-8.000000,-12.000000,-2128.000000,-406.000000,2639.000000, -57668397, -57668396,-0.053769,-0.022432,-0.042774,0.999341,-0.027113,-0.010635,-0.021678
-527.000000,-761.000000,30378.000000,-21.000000,-7.000000,-12.000000,-2128.000000,-569.000000,2584.000000, -57668296, -57668295,-0.054179,-0.022654,-0.043976,0.999321,-0.027327,-0.010724,-0.022283
-395.000000,-889.000000,30619.000000,-23.000000,-7.000000,-13.000000,-2209.000000,-542.000000,2666.000000, -57668194, -57668193,-0.054588,-0.022814,-0.045247,0.999300,-0.027540,-0.010782,-0.022923
-543.000000,-785.000000,30417.000000,-22.000000,-8.000000,-14.000000,-2128.000000,-651.000000,2639.000000, -57668092, -57668092,-0.054985,-0.022914,-0.046504,0.999279,-0.027746,-0.010810,-0.023555
-443.000000,-873.000000,30394.000000,-22.000000,-8.000000,-13.000000,-1967.000000,-623.000000,2666.000000, -57667991, -57667990,-0.055330,-0.023089,-0.047734,0.999258,-0.027927,-0.010876,-0.024173
-523.000000,-1006.000000,30318.000000,-22.000000,-8.000000,-12.000000,-2128.000000,-515.000000,2639.000000, -57667889, -57667889,-0.055630,-0.023226,-0.048950,0.999238,-0.028086,-0.010924,-0.024784
-467.000000,-861.000000,30449.000000,-23.000000,-9.000000,-13.000000,-2182.000000,-651.000000,2639.000000, -57667788, -57667787,-0.055936,-0.023403,-0.050201,0.999217,-0.028247,-0.010991,-0.025413
-431.000000,-946.000000,30520.000000,-22.000000,-8.000000,-13.000000,-2128.000000,-651.000000,2694.000000, -57667686, -57667686,-0.056202,-0.023612,-0.051490,0.999196,-0.028390,-0.011074,-0.026062
-559.000000,-901.000000,30437.000000,-22.000000,-9.000000,-13.000000,-1994.000000,-461.000000,2639.000000, -57667585, -57667584,-0.056533,-0.023747,-0.052715,0.999174,-0.028564,-0.011119,-0.026677
-555.000000,-917.000000,30441.000000,-22.000000,-8.000000,-14.000000,-2128.000000,-461.000000,2639.000000, -57667483, -57667483,-0.056837,-0.023854,-0.053963,0.999152,-0.028724,-0.011151,-0.027304
-535.000000,-833.000000,30374.000000,-21.000000,-9.000000,-13.000000,-2155.000000,-678.000000,2666.000000, -57667382, -57667381,-0.057036,-0.023922,-0.055181,0.999132,-0.028831,-0.011165,-0.027915
-479.000000,-962.000000,30433.000000,-24.000000,-8.000000,-12.000000,-2155.000000,-488.000000,2803.000000, -57667280, -57667280,-0.057218,-0.023998,-0.056394,0.999112,-0.028930,-0.011183,-0.028523
-563.000000,-966.000000,30449.000000,-23.000000,-8.000000,-12.000000,-2182.000000,-705.000000,2694.000000, -57667179, -57667178,-0.057351,-0.024161,-0.057644,0.999091,-0.029006,-0.011244,-0.029150
-359.000000,-913.000000,30496.000000,-21.000000,-8.000000,-12.000000,-2128.000000,-515.000000,2584.000000, -57667077, -57667077,-0.057540,-0.024218,-0.058900,0.999069,-0.029108,-0.011252,-0.029780
-439.000000,-869.000000,30425.000000,-21.000000,-10.000000,-13.000000,-2236.000000,-651.000000,2639.000000, -57666976, -57666975,-0.057716,-0.024290,-0.060129,0.999048,-0.029204,-0.011267,-0.030396
-431.000000,-861.000000,30520.000000,-22.000000,-9.000000,-12.000000,-2048.000000,-705.000000,2639.000000, -57666874, -57666874,-0.057877,-0.024383,-0.061381,0.999026,-0.029292,-0.011292,-0.031023
-419.000000,-861.000000,30477.000000,-23.000000,-8.000000,-13.000000,-2263.000000,-488.000000,2611.000000, -57666773, -57666772,-0.058022,-0.024491,-0.062632,0.999003,-0.029374,-0.011326,-0.031651
-351.000000,-982.000000,30651.000000,-20.000000,-8.000000,-11.000000,-2101.000000,-434.000000,2529.000000, -57666671, -57666670,-0.058234,-0.024547,-0.063872,0.998980,-0.029487,-0.011332,-0.032272
-391.000000,-946.000000,30441.000000,-22.000000,-10.000000,-13.000000,-2155.000000,-678.000000,2611.000000, -57666570, -57666569,-0.058292,-0.024615,-0.065129,0.998958,-0.029525,-0.011347,-0.032901
-315.000000,-877.000000,30449.000000,-23.000000,-9.000000,-12.000000,-2263.000000,-623.000000,2666.000000, -57666468, -57666467,-0.058395,-0.024667,-0.066350,0.998936,-0.029584,-0.011353,-0.033512
-471.000000,-761.000000,30477.000000,-21.000000,-8.000000,-13.000000,-2263.000000,-678.000000,2611.000000, -57666366, -57666366,-0.058476,-0.024696,-0.067602,0.998913,-0.029632,-0.011347,-0.034138
-443.000000,-913.000000,30441.000000,-22.000000,-9.000000,-12.000000,-2236.000000,-651.000000,2694.000000, -57666265, -57666264,-0.058579,-0.024734,-0.068835,0.998890,-0.029691,-0.011346,-0.034755
-419.000000,-929.000000,30449.000000,-24.000000,-9.000000,-14.000000,-2344.000000,-434.000000,2748.000000, -57666164, -57666163,-0.058697,-0.024688,-0.070053,0.998867,-0.029756,-0.011303,-0.035364
-459.000000,-893.000000,30358.000000,-23.000000,-8.000000,-12.000000,-2263.000000,-678.000000,2529.000000, -57666062, -57666061,-0.058853,-0.024716,-0.071289,0.998843,-0.029842,-0.011296,-0.035982
-447.000000,-893.000000,30477.000000,-22.000000,-8.000000,-12.000000,-2101.000000,-488.000000,2666.000000, -57665960, -57665960,-0.059004,-0.024780,-0.072545,0.998817,-0.029925,-0.011307,-0.036611
-419.000000,-905.000000,30413.000000,-22.000000,-9.000000,-13.000000,-2209.000000,-678.000000,2474.000000, -57665859, -57665858,-0.059058,-0.024774,-0.073783,0.998794,-0.029959,-0.011284,-0.037230
-379.000000,-837.000000,30473.000000,-21.000000,-8.000000,-11.000000,-2209.000000,-678.000000,2611.000000, -57665757, -57665757,-0.059071,-0.024727,-0.075032,0.998771,-0.029972,-0.011242,-0.037853
-483.000000,-929.000000,30489.000000,-23.000000,-9.000000,-12.000000,-2263.000000,-623.000000,2611.000000, -57665656, -57665655,-0.059154,-0.024812,-0.076295,0.998745,-0.030022,-0.011264,-0.038485
-455.000000,-925.000000,30532.000000,-22.000000,-7.000000,-12.000000,-2344.000000,-623.000000,2666.000000, -57665554, -57665554,-0.059254,-0.024806,-0.077552,0.998719,-0.030078,-0.011240,-0.039113
-503.000000,-749.000000,30477.000000,-20.000000,-7.000000,-13.000000,-2263.000000,-732.000000,2529.000000, -57665451, -57665450,-0.059337,-0.024799,-0.080016,0.998669,-0.030134,-0.011198,-0.040344
-403.000000,-1050.000000,30429.000000,-22.000000,-7.000000,-12.000000,-2182.000000,-651.000000,2446.000000, -57665349, -57665348,-0.059304,-0.024847,-0.081234,0.998644,-0.030125,-0.011204,-0.040953
-595.000000,-889.000000,30453.000000,-23.000000,-7.000000,-12.000000,-2155.000000,-623.000000,2748.000000, -57665247, -57665246,-0.059326,-0.024897,-0.082457,0.998618,-0.030144,-0.011210,-0.041564
-395.000000,-837.000000,30409.000000,-21.000000,-8.000000,-13.000000,-2209.000000,-623.000000,2666.000000, -57665146, -57665145,-0.059388,-0.024935,-0.083709,0.998591,-0.030183,-0.011209,-0.042190
-439.000000,-986.000000,30445.000000,-23.000000,-9.000000,-12.000000,-1994.000000,-461.000000,2776.000000, -57665044, -57665043,-0.059450,-0.024904,-0.084944,0.998564,-0.030220,-0.011173,-0.042807
-539.000000,-773.000000,30710.000000,-22.000000,-9.000000,-13.000000,-2263.000000,-542.000000,2611.000000, -57664943, -57664942,-0.059501,-0.024934,-0.086196,0.998536,-0.030253,-0.011168,-0.043433
-323.000000,-833.000000,30279.000000,-22.000000,-9.000000,-13.000000,-2155.000000,-623.000000,2611.000000, -57664841, -57664840,-0.059571,-0.024935,-0.087429,0.998508,-0.030295,-0.011148,-0.044049
-279.000000,-970.000000,30591.000000,-23.000000,-8.000000,-12.000000,-2209.000000,-623.000000,2529.000000, -57664740, -57664739,-0.059578,-0.024903,-0.088657,0.998481,-0.030304,-0.011114,-0.044661
-387.000000,-813.000000,30516.000000,-24.000000,-8.000000,-14.000000,-2155.000000,-298.000000,2529.000000, -57664638, -57664637,-0.059563,-0.024873,-0.089906,0.998453,-0.030303,-0.011080,-0.045285
-543.000000,-909.000000,30374.000000,-23.000000,-9.000000,-12.000000,-2209.000000,-623.000000,2611.000000, -57664536, -57664536,-0.059572,-0.024902,-0.091166,0.998424,-0.030316,-0.011075,-0.045914
-551.000000,-833.000000,30489.000000,-23.000000,-9.000000,-13.000000,-2344.000000,-488.000000,2748.000000, -57664435, -57664434,-0.059612,-0.024973,-0.092447,0.998393,-0.030344,-0.011091,-0.046555
-563.000000,-962.000000,30405.000000,-23.000000,-9.000000,-13.000000,-2128.000000,-515.000000,2694.000000, -57664333, -57664333,-0.059664,-0.024989,-0.093687,0.998363,-0.030377,-0.011078,-0.047174
-507.000000,-913.000000,30528.000000,-22.000000,-10.000000,-13.000000,-2263.000000,-732.000000,2748.000000, -57664232, -57664231,-0.059730,-0.024980,-0.094936,0.998333,-0.030417,-0.011053,-0.047798
-359.000000,-901.000000,30481.000000,-22.000000,-8.000000,-12.000000,-2236.000000,-406.000000,2584.000000, -57664130, -57664129,-0.059798,-0.024986,-0.096205,0.998301,-0.030458,-0.011035,-0.048432
-455.000000,-905.000000,30390.000000,-22.000000,-9.000000,-12.000000,-2182.000000,-515.000000,2639.000000, -57664028, -57664028,-0.059804,-0.025022,-0.097465,0.998270,-0.030469,-0.011034,-0.049061
-419.000000,-885.000000,30504.000000,-24.000000,-8.000000,-14.000000,-2263.000000,-542.000000,2748.000000, -57663927, -57663926,-0.059827,-0.025104,-0.098728,0.998238,-0.030489,-0.011055,-0.049693
-495.000000,-909.000000,30374.000000,-23.000000,-8.000000,-12.000000,-2128.000000,-569.000000,2639.000000, -57663825, -57663825,-0.059893,-0.025132,-0.099976,0.998205,-0.030530,-0.011049,-0.050317
-415.000000,-821.000000,30544.000000,-22.000000,-8.000000,-11.000000,-2317.000000,-515.000000,2639.000000, -57663724, -57663723,-0.059947,-0.025168,-0.101214,0.998173,-0.030565,-0.011046,-0.050935
-643.000000,-829.000000,30591.000000,-24.000000,-9.000000,-13.000000,-2101.000000,-542.000000,2748.000000, -57663622, -57663622,-0.059905,-0.025205,-0.102450,0.998142,-0.030551,-0.011047,-0.051552
-423.000000,-809.000000,30386.000000,-24.000000,-9.000000,-13.000000,-2128.000000,-569.000000,2639.000000, -57663521, -57663520,-0.059948,-0.025297,-0.103663,0.998109,-0.030582,-0.011073,-0.052160
-583.000000,-966.000000,30338.000000,-23.000000,-8.000000,-13.000000,-2048.000000,-569.000000,2776.000000, -57663419, -57663419,-0.059945,-0.025288,-0.104936,0.998076,-0.030587,-0.011049,-0.052795
-295.000000,-853.000000,30489.000000,-22.000000,-8.000000,-14.000000,-2182.000000,-515.000000,2501.000000, -57663317, -57663317,-0.059871,-0.025329,-0.106219,0.998042,-0.030559,-0.011052,-0.053435
-347.000000,-865.000000,30587.000000,-21.000000,-10.000000,-12.000000,-2128.000000,-406.000000,2776.000000, -57663216, -57663215,-0.059945,-0.025405,-0.107465,0.998007,-0.030604,-0.011069,-0.054058
-343.000000,-801.000000,30500.000000,-22.000000,-9.000000,-12.000000,-2048.000000,-515.000000,2639.000000, -57663114, -57663113,-0.059895,-0.025320,-0.108690,0.997975,-0.030584,-0.011009,-0.054668
-507.000000,-893.000000,30437.000000,-24.000000,-8.000000,-13.000000,-2048.000000,-515.000000,2639.000000, -57663012, -57663012,-0.059864,-0.025269,-0.109946,0.997942,-0.030574,-0.010965,-0.055294
-403.000000,-797.000000,30671.000000,-22.000000,-9.000000,-12.000000,-2101.000000,-434.000000,2748.000000, -57662911, -57662910,-0.059869,-0.025285,-0.111206,0.997906,-0.030584,-0.010954,-0.055923
-483.000000,-861.000000,30583.000000,-22.000000,-10.000000,-13.000000,-2128.000000,-569.000000,2694.000000, -57662810, -57662809,-0.059830,-0.025276,-0.112446,0.997872,-0.030571,-0.010931,-0.056541
-311.000000,-909.000000,30540.000000,-21.000000,-8.000000,-12.000000,-2128.000000,-651.000000,2584.000000, -57662708, -57662707,-0.059816,-0.025231,-0.113694,0.997837,-0.030569,-0.010891,-0.057163
-515.000000,-869.000000,30552.000000,-22.000000,-9.000000,-13.000000,-2155.000000,-542.000000,2474.000000, -57662606, -57662606,-0.059885,-0.025184,-0.114939,0.997801,-0.030609,-0.010846,-0.057784
-495.000000,-849.000000,30583.000000,-23.000000,-9.000000,-13.000000,-2263.000000,-542.000000,2748.000000, -57662505, -57662504,-0.059879,-0.025255,-0.116195,0.997764,-0.030615,-0.010862,-0.058411
-507.000000,-901.000000,30516.000000,-24.000000,-8.000000,-11.000000,-2317.000000,-705.000000,2776.000000, -57662403, -57662403,-0.059844,-0.025196,-0.117451,0.997728,-0.030603,-0.010814,-0.059037
-499.000000,-837.000000,30338.000000,-23.000000,-8.000000,-13.000000,-2182.000000,-569.000000,2584.000000, -57662302, -57662301,-0.059815,-0.025243,-0.118701,0.997691,-0.030596,-0.010820,-0.059661
-343.000000,-901.000000,30520.000000,-22.000000,-8.000000,-12.000000,-2048.000000,-569.000000,2639.000000, -57662200, -57662199,-0.059825,-0.025289,-0.119973,0.997652,-0.030609,-0.010823,-0.060297
-435.000000,-921.000000,30465.000000,-20.000000,-8.000000,-13.000000,-2128.000000,-515.000000,2364.000000, -57662099, -57662098,-0.059842,-0.025257,-0.121191,0.997615,-0.030624,-0.010788,-0.060904
-427.000000,-893.000000,30568.000000,-23.000000,-8.000000,-13.000000,-2182.000000,-515.000000,2639.000000, -57661997, -57661996,-0.059846,-0.025185,-0.122463,0.997577,-0.030630,-0.010732,-0.061537
-471.000000,-861.000000,30477.000000,-23.000000,-8.000000,-12.000000,-2182.000000,-515.000000,2776.000000, -57661896, -57661895,-0.059880,-0.025135,-0.123723,0.997538,-0.030652,-0.010687,-0.062165
-427.000000,-841.000000,30568.000000,-23.000000,-7.000000,-13.000000,-2155.000000,-732.000000,2803.000000, -57661794, -57661793,-0.059841,-0.025110,-0.124988,0.997499,-0.030639,-0.010656,-0.062795
-515.000000,-1038.000000,30421.000000,-23.000000,-7.000000,-13.000000,-1994.000000,-515.000000,2446.000000, -57661693, -57661692,-0.059901,-0.025093,-0.126233,0.997459,-0.030675,-0.010627,-0.063416
-467.000000,-789.000000,30263.000000,-20.000000,-8.000000,-13.000000,-1994.000000,-515.000000,2501.000000, -57661591, -57661590,-0.059922,-0.025120,-0.127471,0.997419,-0.030693,-0.010620,-0.064034
-367.000000,-1006.000000,30540.000000,-22.000000,-9.000000,-14.000000,-2155.000000,-623.000000,2529.000000, -57661490, -57661489,-0.059993,-0.025188,-0.128730,0.997377,-0.030737,-0.010633,-0.064663
-515.000000,-829.000000,30631.000000,-22.000000,-9.000000,-12.000000,-2236.000000,-515.000000,2639.000000, -57661388, -57661388,-0.059968,-0.025121,-0.129985,0.997337,-0.030729,-0.010581,-0.065288
-583.000000,-817.000000,30508.000000,-24.000000,-8.000000,-13.000000,-2209.000000,-542.000000,2748.000000, -57661287, -57661286,-0.060020,-0.025113,-0.131228,0.997296,-0.030762,-0.010556,-0.065908
-479.000000,-933.000000,30516.000000,-23.000000,-8.000000,-13.000000,-2155.000000,-623.000000,2611.000000, -57661185, -57661184,-0.060003,-0.025118,-0.132472,0.997255,-0.030760,-0.010540,-0.066528
-427.000000,-881.000000,30595.000000,-21.000000,-8.000000,-11.000000,-2209.000000,-434.000000,2803.000000, -57661084, -57661083,-0.059973,-0.025093,-0.133717,0.997214,-0.030751,-0.010510,-0.067149
-411.000000,-789.000000,30520.000000,-22.000000,-9.000000,-13.000000,-2128.000000,-515.000000,2831.000000, -57660982, -57660981,-0.060030,-0.025122,-0.134955,0.997171,-0.030786,-0.010503,-0.067767
-439.000000,-954.000000,30552.000000,-24.000000,-8.000000,-14.000000,-2236.000000,-569.000000,2694.000000, -57660880, -57660880,-0.060043,-0.025109,-0.136236,0.997127,-0.030799,-0.010476,-0.068405
-507.000000,-845.000000,30500.000000,-22.000000,-9.000000,-12.000000,-2155.000000,-678.000000,2419.000000, -57660779, -57660778,-0.060029,-0.025107,-0.137520,0.997083,-0.030799,-0.010456,-0.069045
-447.000000,-994.000000,30362.000000,-22.000000,-8.000000,-14.000000,-2048.000000,-651.000000,2501.000000, -57660677, -57660677,-0.059981,-0.025165,-0.138781,0.997040,-0.030783,-0.010468,-0.069674
-391.000000,-946.000000,30623.000000,-24.000000,-9.000000,-13.000000,-1994.000000,-569.000000,2694.000000, -57660576, -57660575,-0.060005,-0.025081,-0.140046,0.996996,-0.030799,-0.010405,-0.070304
-591.000000,-809.000000,30580.000000,-21.000000,-9.000000,-12.000000,-1886.000000,-651.000000,2639.000000, -57660474, -57660474,-0.060008,-0.025169,-0.141268,0.996952,-0.030810,-0.010430,-0.070915
-439.000000,-829.000000,30556.000000,-22.000000,-9.000000,-12.000000,-2209.000000,-434.000000,2748.000000, -57660373, -57660372,-0.059988,-0.025220,-0.142523,0.996907,-0.030808,-0.010437,-0.071541
-603.000000,-841.000000,30342.000000,-25.000000,-8.000000,-13.000000,-2236.000000,-461.000000,2639.000000, -57660272, -57660271,-0.059914,-0.025214,-0.143754,0.996864,-0.030778,-0.010417,-0.072154
-379.000000,-885.000000,30433.000000,-23.000000,-9.000000,-13.000000,-2155.000000,-488.000000,2611.000000, -57660170, -57660170,-0.059869,-0.025280,-0.145033,0.996818,-0.030765,-0.010432,-0.072792
-427.000000,-885.000000,30508.000000,-23.000000,-8.000000,-14.000000,-2128.000000,-515.000000,2446.000000, -57660069, -57660068,-0.059914,-0.025186,-0.146278,0.996772,-0.030790,-0.010365,-0.073411
-483.000000,-821.000000,30421.000000,-23.000000,-9.000000,-13.000000,-2048.000000,-515.000000,2501.000000, -57659967, -57659966,-0.059896,-0.025137,-0.147502,0.996728,-0.030786,-0.010322,-0.074021
-443.000000,-765.000000,30496.000000,-22.000000,-9.000000,-14.000000,-2209.000000,-623.000000,2611.000000, -57659865, -57659865,-0.059965,-0.025173,-0.148767,0.996680,-0.030828,-0.010318,-0.074652
-371.000000,-1002.000000,30437.000000,-22.000000,-8.000000,-12.000000,-2236.000000,-515.000000,2776.000000, -57659764, -57659763,-0.059933,-0.025181,-0.150013,0.996633,-0.030819,-0.010304,-0.075273
-355.000000,-877.000000,30370.000000,-22.000000,-10.000000,-13.000000,-2021.000000,-732.000000,2803.000000, -57659663, -57659662,-0.060038,-0.025143,-0.151245,0.996585,-0.030876,-0.010262,-0.075887
-403.000000,-946.000000,30374.000000,-22.000000,-8.000000,-14.000000,-2101.000000,-542.000000,2611.000000, -57659561, -57659561,-0.060071,-0.025162,-0.152507,0.996537,-0.030899,-0.010251,-0.076516
-523.000000,-954.000000,30512.000000,-23.000000,-8.000000,-12.000000,-2048.000000,-569.000000,2501.000000, -57659460, -57659459,-0.060092,-0.025181,-0.153745,0.996489,-0.030917,-0.010241,-0.077133
-463.000000,-929.000000,30528.000000,-23.000000,-8.000000,-14.000000,-2263.000000,-732.000000,2748.000000, -57659358, -57659358,-0.060184,-0.025227,-0.155015,0.996438,-0.030971,-0.010240,-0.077767
-471.000000,-954.000000,30492.000000,-22.000000,-9.000000,-12.000000,-2182.000000,-569.000000,2694.000000, -57659257, -57659256,-0.060156,-0.025219,-0.156260,0.996390,-0.030963,-0.010218,-0.078387
-319.000000,-861.000000,30342.000000,-23.000000,-9.000000,-12.000000,-2209.000000,-786.000000,2666.000000, -57659156, -57659155,-0.060161,-0.025235,-0.157515,0.996340,-0.030973,-0.010206,-0.079012
-591.000000,-938.000000,30603.000000,-21.000000,-8.000000,-12.000000,-2263.000000,-678.000000,2611.000000, -57659054, -57659053,-0.060132,-0.025267,-0.158744,0.996292,-0.030965,-0.010204,-0.079625
-379.000000,-917.000000,30481.000000,-22.000000,-9.000000,-13.000000,-2317.000000,-651.000000,2694.000000, -57658950, -57658950,-0.060094,-0.025243,-0.161276,0.996191,-0.030959,-0.010155,-0.080886
-487.000000,-921.000000,30489.000000,-22.000000,-8.000000,-12.000000,-2101.000000,-732.000000,2666.000000, -57658849, -57658848,-0.060072,-0.025209,-0.162523,0.996141,-0.030953,-0.010120,-0.081506
-351.000000,-881.000000,30386.000000,-22.000000,-8.000000,-12.000000,-2155.000000,-542.000000,2748.000000, -57658747, -57658747,-0.060061,-0.025203,-0.163779,0.996090,-0.030953,-0.010098,-0.082132
-463.000000,-833.000000,30279.000000,-23.000000,-7.000000,-13.000000,-2048.000000,-569.000000,2831.000000, -57658646, -57658645,-0.060068,-0.025135,-0.165021,0.996039,-0.030960,-0.010044,-0.082749
-463.000000,-885.000000,30552.000000,-23.000000,-10.000000,-13.000000,-2155.000000,-488.000000,2611.000000, -57658544, -57658544,-0.060076,-0.025149,-0.166248,0.995988,-0.030971,-0.010031,-0.083361
-371.000000,-829.000000,30437.000000,-22.000000,-9.000000,-13.000000,-2236.000000,-461.000000,2446.000000, -57658443, -57658442,-0.060033,-0.025171,-0.167486,0.995936,-0.030957,-0.010025,-0.083977
-415.000000,-958.000000,30631.000000,-22.000000,-7.000000,-12.000000,-2101.000000,-434.000000,2666.000000, -57658341, -57658340,-0.060038,-0.025188,-0.168754,0.995883,-0.030966,-0.010014,-0.084609
-535.000000,-865.000000,30390.000000,-22.000000,-7.000000,-13.000000,-2398.000000,-488.000000,2529.000000, -57658240, -57658239,-0.060095,-0.025091,-0.170031,0.995828,-0.030997,-0.009943,-0.085244
-487.000000,-805.000000,30421.000000,-22.000000,-8.000000,-13.000000,-2182.000000,-515.000000,2694.000000, -57658138, -57658137,-0.060045,-0.025102,-0.171281,0.995775,-0.030979,-0.009932,-0.085866
-387.000000,-789.000000,30457.000000,-23.000000,-9.000000,-13.000000,-2128.000000,-515.000000,2776.000000, -57658036, -57658036,-0.060060,-0.025110,-0.172509,0.995722,-0.030993,-0.009916,-0.086477
-367.000000,-873.000000,30386.000000,-23.000000,-8.000000,-12.000000,-2263.000000,-542.000000,2666.000000, -57657935, -57657934,-0.060057,-0.025099,-0.173758,0.995668,-0.030997,-0.009891,-0.087099
-443.000000,-897.000000,30504.000000,0.000000,0.000000,-1.000000,-2101.000000,-488.000000,2611.000000, -57657834, -57657833,-0.058515,-0.024533,-0.174119,0.995680,-0.030206,-0.009671,-0.087263
-415.000000,-913.000000,30437.000000,-1.000000,-1.000000,-1.000000,-2048.000000,-705.000000,2639.000000, -57657732, -57657731,-0.056510,-0.023797,-0.174185,0.995713,-0.029177,-0.009391,-0.087276
-471.000000,-881.000000,30572.000000,-1.000000,-1.000000,-1.000000,-2021.000000,-542.000000,2748.000000, -57657630, -57657630,-0.054648,-0.023184,-0.174260,0.995740,-0.028223,-0.009166,-0.087297
-591.000000,-889.000000,30453.000000,-3.000000,-1.000000,-2.000000,-2317.000000,-461.000000,2639.000000, -57657529, -57657528,-0.052939,-0.022633,-0.174358,0.995764,-0.027349,-0.008965,-0.087331
-427.000000,-885.000000,30378.000000,-3.000000,-1.000000,0.000000,-2236.000000,-569.000000,2694.000000, -57657427, -57657427,-0.051358,-0.022175,-0.174389,0.995787,-0.026542,-0.008806,-0.087334
-395.000000,-861.000000,30433.000000,-1.000000,-2.000000,-2.000000,-1994.000000,-461.000000,2584.000000, -57657326, -57657325,-0.049917,-0.021691,-0.174474,0.995805,-0.025804,-0.008627,-0.087364
-415.000000,-829.000000,30425.000000,-1.000000,-2.000000,0.000000,-2236.000000,-217.000000,2831.000000, -57657224, -57657224,-0.048509,-0.021206,-0.174524,0.995824,-0.025082,-0.008446,-0.087377
-347.000000,-877.000000,30390.000000,-1.000000,0.000000,0.000000,-2048.000000,-515.000000,2584.000000, -57657123, -57657122,-0.047279,-0.020785,-0.174568,0.995840,-0.024452,-0.008290,-0.087389
-395.000000,-805.000000,30390.000000,0.000000,1.000000,-1.000000,-2263.000000,-732.000000,2611.000000, -57657022, -57657021,-0.046127,-0.020338,-0.174626,0.995854,-0.023859,-0.008117,-0.087408
-491.000000,-913.000000,30548.000000,-1.000000,0.000000,0.000000,-2128.000000,-461.000000,2694.000000, -57656920, -57656919,-0.044964,-0.019926,-0.174667,0.995868,-0.023262,-0.007962,-0.087419
-495.000000,-933.000000,30785.000000,-1.000000,-2.000000,-1.000000,-2128.000000,-461.000000,2639.000000, -57656818, -57656818,-0.043970,-0.019585,-0.174693,0.995880,-0.022752,-0.007835,-0.087425
-427.000000,-801.000000,30401.000000,-1.000000,-2.000000,0.000000,-2048.000000,-569.000000,2776.000000, -57656717, -57656716,-0.042990,-0.019238,-0.174770,0.995890,-0.022249,-0.007704,-0.087455
-455.000000,-849.000000,30587.000000,-1.000000,-1.000000,-1.000000,-2263.000000,-623.000000,2666.000000, -57656615, -57656614,-0.042160,-0.018950,-0.174834,0.995898,-0.021824,-0.007597,-0.087481
-543.000000,-897.000000,30469.000000,0.000000,0.000000,-2.000000,-2021.000000,-678.000000,2611.000000, -57656514, -57656513,-0.041339,-0.018587,-0.174872,0.995907,-0.021400,-0.007451,-0.087493
-443.000000,-881.000000,30453.000000,-2.000000,-1.000000,0.000000,-2209.000000,-434.000000,2474.000000, -57656412, -57656411,-0.040616,-0.018332,-0.174913,0.995915,-0.021029,-0.007356,-0.087509
-515.000000,-849.000000,30382.000000,0.000000,0.000000,0.000000,-2021.000000,-542.000000,2529.000000, -57656311, -57656310,-0.039850,-0.018124,-0.174932,0.995923,-0.020638,-0.007285,-0.087513
-471.000000,-962.000000,30607.000000,-3.000000,-1.000000,-1.000000,-2021.000000,-623.000000,2474.000000, -57656209, -57656208,-0.039178,-0.017905,-0.174955,0.995930,-0.020294,-0.007205,-0.087520
-527.000000,-805.000000,30469.000000,0.000000,-1.000000,0.000000,-2209.000000,-488.000000,2666.000000, -57656107, -57656107,-0.038587,-0.017677,-0.174992,0.995935,-0.019990,-0.007117,-0.087535
-459.000000,-865.000000,30548.000000,-1.000000,-2.000000,0.000000,-2155.000000,-623.000000,2666.000000, -57656006, -57656005,-0.038050,-0.017447,-0.175024,0.995941,-0.019713,-0.007026,-0.087546
-535.000000,-817.000000,30473.000000,-1.000000,-1.000000,-1.000000,-1967.000000,-434.000000,2611.000000, -57655904, -57655904,-0.037492,-0.017208,-0.175070,0.995945,-0.019424,-0.006931,-0.087565
-427.000000,-1010.000000,30445.000000,-1.000000,0.000000,0.000000,-2101.000000,-542.000000,2529.000000, -57655803, -57655802,-0.036981,-0.017041,-0.175128,0.995949,-0.019163,-0.006870,-0.087591
-439.000000,-938.000000,30536.000000,-2.000000,-2.000000,0.000000,-2048.000000,-515.000000,2694.000000, -57655701, -57655701,-0.036548,-0.016914,-0.175157,0.995952,-0.018942,-0.006825,-0.087603
-407.000000,-917.000000,30477.000000,-2.000000,-2.000000,0.000000,-2128.000000,-515.000000,2501.000000, -57655600, -57655599,-0.036142,-0.016731,-0.175202,0.995955,-0.018732,-0.006751,-0.087622
-419.000000,-938.000000,30568.000000,0.000000,0.000000,1.000000,-2209.000000,-732.000000,2666.000000, -57655498, -57655497,-0.035751,-0.016599,-0.175224,0.995958,-0.018531,-0.006702,-0.087631
-487.000000,-757.000000,30437.000000,-1.000000,-1.000000,0.000000,-1994.000000,-569.000000,2776.000000, -57655396, -57655396,-0.035406,-0.016458,-0.175268,0.995960,-0.018354,-0.006647,-0.087650
-363.000000,-994.000000,30544.000000,-2.000000,-2.000000,0.000000,-2101.000000,-678.000000,2666.000000, -57655295, -57655294,-0.035055,-0.016291,-0.175268,0.995964,-0.018172,-0.006579,-0.087648
-579.000000,-885.000000,30390.000000,-2.000000,-2.000000,-1.000000,-2101.000000,-542.000000,2529.000000, -57655193, -57655193,-0.034733,-0.016117,-0.175296,0.995967,-0.018004,-0.006506,-0.087659
-555.000000,-841.000000,30540.000000,-1.000000,-1.000000,0.000000,-2209.000000,-434.000000,2529.000000, -57655092, -57655091,-0.034403,-0.015932,-0.175328,0.995969,-0.017832,-0.006428,-0.087673
-451.000000,-986.000000,30409.000000,-1.000000,-1.000000,0.000000,-2155.000000,-488.000000,2611.000000, -57654990, -57654989,-0.034077,-0.015913,-0.175332,0.995972,-0.017668,-0.006433,-0.087674
-447.000000,-994.000000,30437.000000,-1.000000,-2.000000,1.000000,-2155.000000,-434.000000,2803.000000, -57654888, -57654888,-0.033782,-0.015743,-0.175370,0.995974,-0.017514,-0.006361,-0.087690
-347.000000,-954.000000,30469.000000,-2.000000,-1.000000,-1.000000,-2128.000000,-515.000000,2584.000000, -57654787, -57654786,-0.033566,-0.015646,-0.175389,0.995975,-0.017402,-0.006322,-0.087698
-415.000000,-933.000000,30516.000000,0.000000,0.000000,-1.000000,-2236.000000,-569.000000,2639.000000, -57654685, -57654685,-0.033333,-0.015629,-0.175414,0.995976,-0.017286,-0.006323,-0.087709
-403.000000,-877.000000,30413.000000,-1.000000,-1.000000,0.000000,-2101.000000,-542.000000,2666.000000, -57654584, -57654583,-0.033105,-0.015561,-0.175422,0.995978,-0.017169,-0.006300,-0.087712
-383.000000,-913.000000,30386.000000,-2.000000,-1.000000,-1.000000,-1994.000000,-515.000000,2639.000000, -57654482, -57654481,-0.032874,-0.015456,-0.175458,0.995979,-0.017049,-0.006257,-0.087729
-395.000000,-869.000000,30429.000000,-1.000000,-1.000000,0.000000,-2021.000000,-434.000000,2529.000000, -57654381, -57654380,-0.032677,-0.015423,-0.175471,0.995980,-0.016950,-0.006249,-0.087734
-451.000000,-777.000000,30445.000000,-1.000000,-3.000000,-1.000000,-2263.000000,-542.000000,2611.000000, -57654279, -57654278,-0.032502,-0.015284,-0.175495,0.995981,-0.016857,-0.006188,-0.087745
-391.000000,-913.000000,30485.000000,-1.000000,-1.000000,-1.000000,-2236.000000,-651.000000,2639.000000, -57654178, -57654177,-0.032278,-0.015266,-0.175478,0.995984,-0.016745,-0.006188,-0.087735
-323.000000,-813.000000,30437.000000,-2.000000,-1.000000,-1.000000,-2021.000000,-623.000000,2666.000000, -57654076, -57654075,-0.032170,-0.015202,-0.175499,0.995984,-0.016688,-0.006161,-0.087745
-603.000000,-893.000000,30583.000000,-1.000000,-1.000000,0.000000,-2209.000000,-542.000000,2748.000000, -57653974, -57653974,-0.031972,-0.015182,-0.175529,0.995985,-0.016589,-0.006160,-0.087759
-427.000000,-974.000000,30413.000000,-1.000000,-2.000000,-1.000000,-2182.000000,-705.000000,2639.000000, -57653873, -57653872,-0.031840,-0.015198,-0.175530,0.995986,-0.016523,-0.006173,-0.087759
-499.000000,-869.000000,30492.000000,-1.000000,-1.000000,0.000000,-2021.000000,-542.000000,2666.000000, -57653771, -57653771,-0.031696,-0.015078,-0.175567,0.995986,-0.016447,-0.006119,-0.087776
-499.000000,-909.000000,30540.000000,-2.000000,-1.000000,0.000000,-2101.000000,-542.000000,2803.000000, -57653670, -57653669,-0.031613,-0.014999,-0.175592,0.995986,-0.016402,-0.006084,-0.087788
-435.000000,-917.000000,30532.000000,-2.000000,-1.000000,-1.000000,-2236.000000,-651.000000,2694.000000, -57653568, -57653567,-0.031517,-0.014961,-0.175647,0.995984,-0.016353,-0.006069,-0.087815
-359.000000,-893.000000,30421.000000,-1.000000,-1.000000,0.000000,-2101.000000,-678.000000,2748.000000, -57653467, -57653466,-0.031461,-0.014896,-0.175674,0.995984,-0.016322,-0.006038,-0.087828
-467.000000,-797.000000,30405.000000,0.000000,0.000000,-1.000000,-2209.000000,-488.000000,2748.000000, -57653365, -57653364,-0.031434,-0.014911,-0.175691,0.995983,-0.016309,-0.006047,-0.087836
-427.000000,-881.000000,30516.000000,1.000000,1.000000,-1.000000,-2155.000000,-542.000000,2611.000000, -57653264, -57653263,-0.031338,-0.014930,-0.175703,0.995983,-0.016262,-0.006061,-0.087842
-411.000000,-1042.000000,30394.000000,-3.000000,-1.000000,-1.000000,-2128.000000,-651.000000,2584.000000, -57653162, -57653161,-0.031222,-0.014977,-0.175747,0.995982,-0.016207,-0.006089,-0.087864
-431.000000,-873.000000,30465.000000,-1.000000,-2.000000,-1.000000,-2155.000000,-623.000000,2748.000000, -57653060, -57653060,-0.031180,-0.014959,-0.175764,0.995982,-0.016185,-0.006082,-0.087872
-479.000000,-885.000000,30496.000000,-1.000000,-1.000000,-1.000000,-2021.000000,-678.000000,2611.000000, -57652959, -57652958,-0.031069,-0.014945,-0.175808,0.995981,-0.016130,-0.006079,-0.087893
-451.000000,-833.000000,30607.000000,-1.000000,-2.000000,0.000000,-2182.000000,-515.000000,2776.000000, -57652857, -57652857,-0.030978,-0.014947,-0.175809,0.995981,-0.016084,-0.006084,-0.087894
-439.000000,-913.000000,30469.000000,-1.000000,-3.000000,-2.000000,-2155.000000,-623.000000,2666.000000, -57652756, -57652755,-0.030936,-0.014935,-0.175857,0.995980,-0.016063,-0.006080,-0.087918
-519.000000,-821.000000,30223.000000,-2.000000,-1.000000,-1.000000,-2128.000000,-515.000000,2501.000000, -57652654, -57652653,-0.030967,-0.014940,-0.175868,0.995979,-0.016078,-0.006080,-0.087923
-415.000000,-942.000000,30457.000000,-2.000000,-1.000000,-2.000000,-2155.000000,-623.000000,2748.000000, -57652550, -57652549,-0.030796,-0.014976,-0.175907,0.995978,-0.015995,-0.006106,-0.087942
-443.000000,-817.000000,30409.000000,-2.000000,0.000000,0.000000,-2128.000000,-461.000000,2639.000000, -57652448, -57652448,-0.030734,-0.014942,-0.175967,0.995977,-0.015963,-0.006091,-0.087971
-311.000000,-845.000000,30469.000000,-2.000000,-2.000000,-1.000000,-2101.000000,-623.000000,2666.000000, -57652347, -57652346,-0.030730,-0.014879,-0.176016,0.995975,-0.015958,-0.006059,-0.087995
-439.000000,-962.000000,30631.000000,-1.000000,-2.000000,-1.000000,-2048.000000,-569.000000,2584.000000, -57652246, -57652245,-0.030787,-0.014845,-0.176037,0.995973,-0.015985,-0.006040,-0.088006
-555.000000,-946.000000,30481.000000,-1.000000,-2.000000,0.000000,-2048.000000,-569.000000,2584.000000, -57652144, -57652143,-0.030780,-0.014774,-0.176043,0.995973,-0.015979,-0.006004,-0.088008
-491.000000,-897.000000,30318.000000,-2.000000,-3.000000,-1.000000,-2101.000000,-488.000000,2529.000000, -57652042, -57652042,-0.030680,-0.014747,-0.176065,0.995973,-0.015928,-0.005996,-0.088019
-363.000000,-869.000000,30540.000000,-1.000000,-4.000000,0.000000,-1967.000000,-542.000000,2666.000000, -57651941, -57651940,-0.030688,-0.014768,-0.176091,0.995972,-0.015933,-0.006006,-0.088032
-523.000000,-797.000000,30469.000000,-2.000000,-1.000000,-1.000000,-2101.000000,-488.000000,2419.000000, -57651839, -57651839,-0.030630,-0.014826,-0.176091,0.995972,-0.015906,-0.006037,-0.088032
-535.000000,-962.000000,30318.000000,-1.000000,-1.000000,-1.000000,-2209.000000,-488.000000,2803.000000, -57651738, -57651737,-0.030614,-0.014850,-0.176118,0.995971,-0.015900,-0.006049,-0.088045
-447.000000,-769.000000,30548.000000,-1.000000,-1.000000,0.000000,-2182.000000,-515.000000,2639.000000, -57651636, -57651636,-0.030644,-0.014839,-0.176107,0.995972,-0.015914,-0.006043,-0.088040
-571.000000,-950.000000,30425.000000,-1.000000,-3.000000,-1.000000,-2128.000000,-461.000000,2584.000000, -57651535, -57651534,-0.030587,-0.014838,-0.176138,0.995971,-0.015886,-0.006044,-0.088056
-531.000000,-881.000000,30516.000000,0.000000,0.000000,1.000000,-2128.000000,-461.000000,2694.000000, -57651433, -57651433,-0.030586,-0.014828,-0.176138,0.995971,-0.015885,-0.006039,-0.088055
-511.000000,-861.000000,30263.000000,-1.000000,-2.000000,0.000000,-2182.000000,-515.000000,2446.000000, -57651332, -57651331,-0.030576,-0.014795,-0.176155,0.995970,-0.015879,-0.006023,-0.088064
-535.000000,-869.000000,30568.000000,-1.000000,-1.000000,-1.000000,-2182.000000,-569.000000,2446.000000, -57651230, -57651229,-0.030593,-0.014841,-0.176213,0.995967,-0.015889,-0.006045,-0.088093
-447.000000,-829.000000,30390.000000,-1.000000,-2.000000,-1.000000,-2263.000000,-434.000000,2666.000000, -57651128, -57651128,-0.030655,-0.014936,-0.176223,0.995966,-0.015924,-0.006089,-0.088099
-467.000000,-829.000000,30477.000000,-2.000000,-2.000000,-1.000000,-2155.000000,-488.000000,2611.000000, -57651027, -57651026,-0.030655,-0.014943,-0.176271,0.995964,-0.015925,-0.006092,-0.088123
-523.000000,-933.000000,30492.000000,-3.000000,-2.000000,1.000000,-2182.000000,-515.000000,2694.000000, -57650925, -57650925,-0.030568,-0.014932,-0.176272,0.995964,-0.015881,-0.006091,-0.088123
-523.000000,-793.000000,30631.000000,-2.000000,-1.000000,0.000000,-1940.000000,-705.000000,2639.000000, -57650824, -57650823,-0.030524,-0.014885,-0.176295,0.995964,-0.015857,-0.006069,-0.088134
-427.000000,-909.000000,30449.000000,-1.000000,-1.000000,-2.000000,-2101.000000,-542.000000,2748.000000, -57650723, -57650722,-0.030510,-0.014915,-0.176332,0.995962,-0.015851,-0.006084,-0.088152
-475.000000,-865.000000,30457.000000,-1.000000,-1.000000,-2.000000,-2101.000000,-542.000000,2474.000000, -57650621, -57650620,-0.030526,-0.014861,-0.176374,0.995961,-0.015857,-0.006057,-0.088173
-383.000000,-829.000000,30568.000000,-1.000000,-1.000000,-1.000000,-2128.000000,-515.000000,2694.000000, -57650519, -57650519,-0.030515,-0.014860,-0.176401,0.995959,-0.015852,-0.006056,-0.088187
-531.000000,-821.000000,30663.000000,-3.000000,-3.000000,-1.000000,-2048.000000,-569.000000,2639.000000, -57650418, -57650417,-0.030510,-0.014905,-0.176433,0.995958,-0.015851,-0.006078,-0.088202
-459.000000,-873.000000,30591.000000,0.000000,0.000000,1.000000,-2155.000000,-623.000000,2529.000000, -57650316, -57650316,-0.030458,-0.014981,-0.176475,0.995956,-0.015829,-0.006118,-0.088224
-555.000000,-885.000000,30489.000000,-1.000000,-2.000000,0.000000,-2317.000000,-569.000000,2776.000000, -57650215, -57650214,-0.030453,-0.014992,-0.176528,0.995954,-0.015827,-0.006124,-0.088250
-423.000000,-805.000000,30532.000000,-1.000000,-1.000000,-1.000000,-2182.000000,-651.000000,2694.000000, -57650113, -57650113,-0.030342,-0.014982,-0.176513,0.995955,-0.015771,-0.006124,-0.088243
-539.000000,-853.000000,30449.000000,-1.000000,-2.000000,-1.000000,-2101.000000,-488.000000,2611.000000, -57650012, -57650011,-0.030292,-0.014949,-0.176513,0.995956,-0.015745,-0.006110,-0.088242
-359.000000,-877.000000,30500.000000,0.000000,-1.000000,-1.000000,-2182.000000,-515.000000,2776.000000, -57649910, -57649909,-0.030185,-0.014966,-0.176528,0.995956,-0.015692,-0.006123,-0.088250
-363.000000,-877.000000,30378.000000,-1.000000,-2.000000,-1.000000,-2344.000000,-542.000000,2666.000000, -57649809, -57649808,-0.030079,-0.014881,-0.176544,0.995956,-0.015636,-0.006085,-0.088257
-599.000000,-889.000000,30441.000000,-1.000000,-2.000000,-1.000000,-2263.000000,-542.000000,2858.000000, -57649707, -57649706,-0.029982,-0.014857,-0.176549,0.995957,-0.015586,-0.006077,-0.088259
-387.000000,-773.000000,30366.000000,-1.000000,-2.000000,-1.000000,-2128.000000,-515.000000,2639.000000, -57649606, -57649605,-0.029859,-0.014882,-0.176560,0.995958,-0.015526,-0.006095,-0.088264
-411.000000,-966.000000,30512.000000,-1.000000,-1.000000,0.000000,-2101.000000,-488.000000,2611.000000, -57649504, -57649503,-0.029723,-0.014906,-0.176580,0.995958,-0.015460,-0.006113,-0.088274
-439.000000,-741.000000,30445.000000,0.000000,0.000000,-2.000000,-2128.000000,-651.000000,2639.000000, -57649402, -57649402,-0.029621,-0.014970,-0.176602,0.995957,-0.015412,-0.006149,-0.088284
-527.000000,-893.000000,30564.000000,-1.000000,-1.000000,-1.000000,-2128.000000,-515.000000,2639.000000, -57649301, -57649300,-0.029506,-0.014923,-0.176628,0.995957,-0.015353,-0.006130,-0.088297
-423.000000,-1002.000000,30643.000000,-1.000000,-1.000000,-1.000000,-2209.000000,-434.000000,2611.000000, -57649199, -57649199,-0.029480,-0.014876,-0.176600,0.995959,-0.015337,-0.006108,-0.088282
-439.000000,-861.000000,30481.000000,0.000000,0.000000,-1.000000,-2101.000000,-488.000000,2611.000000, -57649098, -57649097,-0.029468,-0.014882,-0.176609,0.995958,-0.015332,-0.006112,-0.088287
-399.000000,-913.000000,30445.000000,-1.000000,-1.000000,-1.000000,-2182.000000,-461.000000,2694.000000, -57648996, -57648996,-0.029410,-0.014858,-0.176629,0.995958,-0.015302,-0.006102,-0.088297
-351.000000,-909.000000,30445.000000,1.000000,0.000000,-1.000000,-2182.000000,-461.000000,2776.000000, -57648895, -57648894,-0.029349,-0.014761,-0.176614,0.995960,-0.015267,-0.006057,-0.088288
-555.000000,-801.000000,30370.000000,-1.000000,-2.000000,-2.000000,-2101.000000,-678.000000,2529.000000, -57648793, -57648792,-0.029368,-0.014766,-0.176596,0.995960,-0.015277,-0.006058,-0.088279
-427.000000,-913.000000,30552.000000,0.000000,1.000000,1.000000,-2236.000000,-515.000000,2639.000000, -57648692, -57648691,-0.029331,-0.014799,-0.176590,0.995961,-0.015260,-0.006076,-0.088277
-439.000000,-825.000000,30441.000000,0.000000,0.000000,-2.000000,-2182.000000,-406.000000,2639.000000, -57648590, -57648589,-0.029268,-0.014802,-0.176611,0.995960,-0.015229,-0.006081,-0.088287
-491.000000,-905.000000,30492.000000,0.000000,-1.000000,-1.000000,-2128.000000,-515.000000,2694.000000, -57648488, -57648488,-0.029211,-0.014753,-0.176605,0.995961,-0.015198,-0.006059,-0.088284
-547.000000,-881.000000,30382.000000,2.000000,0.000000,0.000000,-2263.000000,-488.000000,2666.000000, -57648387, -57648386,-0.029175,-0.014690,-0.176593,0.995962,-0.015177,-0.006029,-0.088277
-403.000000,-845.000000,30334.000000,-1.000000,-1.000000,-1.000000,-2128.000000,-515.000000,2639.000000, -57648285, -57648284,-0.029048,-0.014662,-0.176619,0.995962,-0.015113,-0.006021,-0.088289
-451.000000,-869.000000,30667.000000,-1.000000,-1.000000,-1.000000,-2128.000000,-569.000000,2639.000000, -57648184, -57648183,-0.028973,-0.014635,-0.176608,0.995963,-0.015075,-0.006011,-0.088283
-515.000000,-745.000000,30449.000000,-1.000000,-3.000000,-1.000000,-2021.000000,-623.000000,2666.000000, -57648082, -57648081,-0.028932,-0.014620,-0.176601,0.995964,-0.015053,-0.006005,-0.088280
-423.000000,-825.000000,30398.000000,0.000000,0.000000,0.000000,-2182.000000,-651.000000,2501.000000, -57647981, -57647980,-0.028918,-0.014618,-0.176610,0.995964,-0.015046,-0.006005,-0.088284
-455.000000,-837.000000,30394.000000,-1.000000,-1.000000,-1.000000,-2101.000000,-542.000000,2529.000000, -57647879, -57647879,-0.028903,-0.014651,-0.176593,0.995964,-0.015040,-0.006022,-0.088276
-499.000000,-861.000000,30433.000000,-1.000000,-1.000000,0.000000,-2209.000000,-678.000000,2858.000000, -57647778, -57647777,-0.028870,-0.014688,-0.176639,0.995962,-0.015026,-0.006042,-0.088299
-535.000000,-849.000000,30516.000000,-1.000000,-1.000000,0.000000,-2236.000000,-651.000000,2584.000000, -57647676, -57647676,-0.028796,-0.014697,-0.176638,0.995963,-0.014989,-0.006049,-0.088298
-447.000000,-901.000000,30500.000000,-1.000000,-1.000000,-1.000000,-2128.000000,-651.000000,2639.000000, -57647575, -57647574,-0.028763,-0.014656,-0.176648,0.995963,-0.014971,-0.006030,-0.088302
-431.000000,-901.000000,30437.000000,0.000000,0.000000,-1.000000,-2128.000000,-406.000000,2501.000000, -57647473, -57647473,-0.028788,-0.014678,-0.176650,0.995963,-0.014984,-0.006040,-0.088304
-499.000000,-950.000000,30587.000000,0.000000,0.000000,0.000000,-2155.000000,-623.000000,2611.000000, -57647372, -57647371,-0.028802,-0.014721,-0.176643,0.995963,-0.014993,-0.006061,-0.088301
-379.000000,-857.000000,30552.000000,0.000000,0.000000,-1.000000,-2101.000000,-434.000000,2611.000000, -57647270, -57647270,-0.028771,-0.014775,-0.176614,0.995964,-0.014980,-0.006089,-0.088286
-726.000000,-793.000000,30940.000000,1.000000,-2.000000,1.000000,-2021.000000,-542.000000,2611.000000, -57647169, -57647168,-0.028978,-0.014745,-0.176617,0.995962,-0.015082,-0.006065,-0.088289
-571.000000,-841.000000,30682.000000,-15.000000,-1.000000,1.000000,-2021.000000,-678.000000,2748.000000, -57647067, -57647066,-0.028580,-0.014742,-0.176570,0.995967,-0.014883,-0.006082,-0.088264
-387.000000,-1595.000000,30093.000000,-6.000000,-5.000000,-1.000000,-2101.000000,-732.000000,2474.000000, -57646966, -57646965,-0.028728,-0.014712,-0.176581,0.995966,-0.014956,-0.006060,-0.088270
-786.000000,-713.000000,30481.000000,2.000000,-1.000000,0.000000,-2209.000000,-623.000000,2666.000000, -57646864, -57646863,-0.028828,-0.014799,-0.176621,0.995963,-0.015009,-0.006099,-0.088290
-339.000000,-621.000000,30587.000000,-5.000000,0.000000,-4.000000,-2021.000000,-623.000000,2529.000000, -57646762, -57646762,-0.028293,-0.014730,-0.176750,0.995962,-0.014741,-0.006087,-0.088352
-303.000000,-1182.000000,30576.000000,2.000000,-2.000000,-11.000000,-2048.000000,-569.000000,2639.000000, -57646661, -57646660,-0.028771,-0.014533,-0.177465,0.995927,-0.014972,-0.005963,-0.088709
-407.000000,-1314.000000,30896.000000,-8.000000,-1.000000,2.000000,-2263.000000,-623.000000,2803.000000, -57646559, -57646558,-0.028002,-0.014783,-0.177255,0.995941,-0.014599,-0.006122,-0.088604
-535.000000,-913.000000,30433.000000,-4.000000,-4.000000,-3.000000,-2182.000000,-461.000000,2776.000000, -57646457, -57646457,-0.028108,-0.014437,-0.177760,0.995919,-0.014638,-0.005942,-0.088853
-671.000000,-561.000000,30599.000000,-8.000000,2.000000,-8.000000,-2209.000000,-379.000000,2748.000000, -57646356, -57646355,-0.028291,-0.014403,-0.178283,0.995895,-0.014729,-0.005913,-0.089114
-183.000000,-677.000000,30386.000000,2.000000,-4.000000,0.000000,-2128.000000,-461.000000,2694.000000, -57646255, -57646254,-0.027073,-0.014364,-0.177866,0.995923,-0.014120,-0.005951,-0.088902
-455.000000,-641.000000,30544.000000,6.000000,-3.000000,-3.000000,-2209.000000,-678.000000,2748.000000, -57646151, -57646150,-0.024076,-0.014364,-0.178954,0.995894,-0.012631,-0.006077,-0.089435
-331.000000,-372.000000,30362.000000,2.000000,2.000000,-2.000000,-2021.000000,-488.000000,2666.000000, -57646049, -57646049,-0.023022,-0.014000,-0.179770,0.995865,-0.012092,-0.005938,-0.089836
-734.000000,-1571.000000,31490.000000,9.000000,0.000000,-2.000000,-1967.000000,-488.000000,2748.000000, -57645948, -57645947,-0.022653,-0.013709,-0.180139,0.995852,-0.011897,-0.005807,-0.090017
-659.000000,-1038.000000,30275.000000,-34.000000,21.000000,-11.000000,-2048.000000,-461.000000,2694.000000, -57645846, -57645846,-0.025270,-0.014459,-0.179690,0.995853,-0.013232,-0.006066,-0.089805
-846.000000,-1627.000000,31050.000000,32.000000,2.000000,-4.000000,-2236.000000,-651.000000,2776.000000, -57645745, -57645744,-0.026912,-0.013648,-0.180842,0.995793,-0.014017,-0.005580,-0.090379
-571.000000,-617.000000,30437.000000,2.000000,1.000000,-4.000000,-2182.000000,-515.000000,2584.000000, -57645643, -57645642,-0.028160,-0.013533,-0.181744,0.995744,-0.014635,-0.005460,-0.090831
-635.000000,-120.000000,30287.000000,-2.000000,-1.000000,-3.000000,-2101.000000,-542.000000,2529.000000, -57645542, -57645541,-0.027425,-0.013484,-0.182285,0.995725,-0.014269,-0.005465,-0.091098
-211.000000,416.000000,30461.000000,-2.000000,-3.000000,-3.000000,-2155.000000,-434.000000,2611.000000, -57645440, -57645439,-0.025522,-0.013384,-0.182426,0.995732,-0.013317,-0.005501,-0.091162
-119.000000,-276.000000,30184.000000,-8.000000,11.000000,-9.000000,-1940.000000,-569.000000,2584.000000, -57645339, -57645338,-0.023892,-0.013069,-0.183075,0.995714,-0.012493,-0.005415,-0.091479
243.000000,176.000000,31185.000000,-19.000000,-1.000000,-8.000000,-2155.000000,-623.000000,2611.000000, -57645237, -57645236,-0.022657,-0.012673,-0.184109,0.995676,-0.011862,-0.005268,-0.091988
-259.000000,-336.000000,29895.000000,-66.000000,6.000000,4.000000,-2128.000000,-569.000000,2639.000000, -57645136, -57645135,-0.021515,-0.011960,-0.184407,0.995671,-0.011262,-0.004964,-0.092130
-355.000000,-569.000000,31335.000000,-18.000000,21.000000,15.000000,-1967.000000,-623.000000,2666.000000, -57645034, -57645034,-0.022015,-0.010521,-0.182870,0.995743,-0.011442,-0.004233,-0.091358
-1414.000000,-1122.000000,30706.000000,-1.000000,32.000000,-37.000000,-2101.000000,-678.000000,2611.000000, -57644933, -57644932,-0.024882,-0.006591,-0.184767,0.995649,-0.012692,-0.002134,-0.092285
-2372.000000,-1210.000000,28008.000000,-33.000000,54.000000,-26.000000,-2101.000000,-434.000000,2529.000000, -57644831, -57644831,-0.026979,-0.002045,-0.188927,0.995449,-0.013526,0.000254,-0.094328
-459.000000,-2345.000000,31236.000000,-69.000000,55.000000,78.000000,-2209.000000,-623.000000,2474.000000, -57644730, -57644729,-0.030744,-0.000907,-0.184827,0.995615,-0.015347,0.000967,-0.092278
607.000000,8.000000,28558.000000,11.000000,-1.000000,114.000000,-2048.000000,-406.000000,2694.000000, -57644628, -57644627,-0.030884,0.001684,-0.174801,0.996065,-0.015309,0.002186,-0.087266
455.000000,-585.000000,32760.000000,-97.000000,-78.000000,141.000000,-2101.000000,-868.000000,2803.000000, -57644526, -57644526,-0.036361,-0.003139,-0.160283,0.996622,-0.018247,-0.000109,-0.080071
351.000000,-296.000000,-31791.000000,-51.000000,18.000000,65.000000,-2155.000000,-542.000000,2803.000000, -57644425, -57644424,-0.037084,-0.004477,-0.149724,0.997022,-0.018656,-0.000845,-0.074820
519.000000,1306.000000,32641.000000,8.000000,-8.000000,19.000000,-2155.000000,-623.000000,2529.000000, -57644323, -57644323,-0.035946,-0.001792,-0.145565,0.997190,-0.017990,0.000413,-0.072723
339.000000,312.000000,30330.000000,-2.000000,52.000000,-5.000000,-2182.000000,-651.000000,2584.000000, -57644222, -57644221,-0.032750,-0.000044,-0.144520,0.997257,-0.016333,0.001160,-0.072188
0.000000,-1142.000000,29551.000000,-33.000000,8.000000,-11.000000,-2048.000000,-705.000000,2694.000000, -57644120, -57644120,-0.031436,0.004409,-0.146317,0.997202,-0.015514,0.003347,-0.073049
-1469.000000,-6537.000000,-31439.000000,-86.000000,-42.000000,57.000000,-2101.000000,-786.000000,2474.000000, -57644019, -57644018,-0.038138,0.004603,-0.144393,0.997214,-0.018852,0.003671,-0.072077
71.000000,-7079.000000,-18038.000000,-127.000000,-106.000000,129.000000,-2236.000000,-569.000000,2639.000000, -57643917, -57643916,-0.050142,-0.007737,-0.131623,0.997508,-0.025268,-0.002210,-0.065840
2836.000000,-3655.000000,-29722.000000,41.000000,-33.000000,-15.000000,-2236.000000,-651.000000,2584.000000, -57643816, -57643815,-0.052767,-0.011493,-0.126192,0.997637,-0.026690,-0.004069,-0.063183
-407.000000,-4.000000,31276.000000,6.000000,9.000000,-147.000000,-2182.000000,-759.000000,2694.000000, -57643714, -57643713,-0.051771,-0.010204,-0.135177,0.997361,-0.026168,-0.003341,-0.067645
-730.000000,-1062.000000,31497.000000,29.000000,0.000000,-197.000000,-2209.000000,-623.000000,2611.000000, -57643612, -57643612,-0.050760,-0.008231,-0.154356,0.996686,-0.025619,-0.002145,-0.077180
-411.000000,-2196.000000,29488.000000,-96.000000,43.000000,-182.000000,-2155.000000,-623.000000,2748.000000, -57643511, -57643510,-0.049275,-0.008543,-0.175206,0.995845,-0.024914,-0.002099,-0.087568
-2121.000000,-1419.000000,29416.000000,10.000000,56.000000,-59.000000,-1967.000000,-623.000000,2666.000000, -57643409, -57643409,-0.049254,-0.009591,-0.188289,0.995247,-0.024966,-0.002458,-0.094093
-1118.000000,-1270.000000,-31779.000000,20.000000,-98.000000,83.000000,-2263.000000,-623.000000,2748.000000, -57643308, -57643307,-0.045271,-0.016170,-0.185237,0.995409,-0.023283,-0.005955,-0.092642
1801.000000,-2513.000000,-25469.000000,-123.000000,-50.000000,-40.000000,-2182.000000,-569.000000,2694.000000, -57643206, -57643205,-0.041654,-0.017031,-0.183864,0.995509,-0.021519,-0.006566,-0.091956
842.000000,-801.000000,30184.000000,-43.000000,17.000000,-113.000000,-2021.000000,-488.000000,2529.000000, -57643105, -57643104,-0.038632,-0.014262,-0.194127,0.995069,-0.019914,-0.005225,-0.097028
-1749.000000,-761.000000,28981.000000,84.000000,4.000000,-84.000000,-2128.000000,-705.000000,2501.000000, -57643003, -57643002,-0.039546,-0.014614,-0.204430,0.994545,-0.020414,-0.005250,-0.102158
-3.000000,-829.000000,25547.000000,-46.000000,-12.000000,-35.000000,-2209.000000,-488.000000,2474.000000, -57642901, -57642901,-0.039363,-0.016029,-0.210133,0.994245,-0.020411,-0.005905,-0.105007
758.000000,-4477.000000,22757.000000,-62.000000,2.000000,-39.000000,-2209.000000,-244.000000,2336.000000, -57642800, -57642799,-0.037197,-0.017179,-0.213189,0.994099,-0.019405,-0.006561,-0.106529
1649.000000,-3178.000000,-17983.000000,-233.000000,-30.000000,-26.000000,-2371.000000,-461.000000,2639.000000, -57642698, -57642697,-0.036514,-0.017096,-0.216113,0.993949,-0.019071,-0.006528,-0.107980
-1246.000000,-2072.000000,29848.000000,28.000000,7.000000,40.000000,-2371.000000,-461.000000,2584.000000, -57642597, -57642596,-0.036196,-0.018930,-0.215124,0.993995,-0.019007,-0.007466,-0.107503
-718.000000,-1090.000000,25851.000000,123.000000,4.000000,77.000000,-2209.000000,-244.000000,2611.000000, -57642495, -57642494,-0.037878,-0.017773,-0.209668,0.994275,-0.019763,-0.006854,-0.104786
734.000000,-3242.000000,-29587.000000,-49.000000,7.000000,58.000000,-2344.000000,-298.000000,2474.000000, -57642393, -57642393,-0.040847,-0.017346,-0.203228,0.994579,-0.021196,-0.006555,-0.101590
-3183.000000,-5587.000000,31205.000000,-134.000000,-43.000000,15.000000,-2155.000000,-379.000000,2474.000000, -57642292, -57642291,-0.042162,-0.016944,-0.200170,0.994721,-0.021820,-0.006322,-0.100070
-3111.000000,-589.000000,24807.000000,-72.000000,-2.000000,-43.000000,-2479.000000,-217.000000,2446.000000, -57642191, -57642190,-0.040821,-0.016210,-0.203086,0.994592,-0.021125,-0.005993,-0.101509
615.000000,-2717.000000,-32464.000000,-68.000000,51.000000,-36.000000,-2371.000000,-325.000000,2309.000000, -57642089, -57642088,-0.040974,-0.017122,-0.206383,0.994417,-0.021258,-0.006403,-0.103157
-1322.000000,152.000000,26702.000000,78.000000,-5.000000,34.000000,-2398.000000,-298.000000,2666.000000, -57641987, -57641986,-0.040985,-0.017934,-0.205914,0.994437,-0.021303,-0.006812,-0.102932
343.000000,-152.000000,-32555.000000,13.000000,-13.000000,41.000000,-2694.000000,-298.000000,2611.000000, -57641886, -57641885,-0.045586,-0.017673,-0.202458,0.994563,-0.023566,-0.006486,-0.101227
147.000000,-2962.000000,31937.000000,-84.000000,-40.000000,53.000000,-2586.000000,-298.000000,2529.000000, -57641784, -57641783,-0.045370,-0.020144,-0.197525,0.994798,-0.023564,-0.007784,-0.098799
1661.000000,2970.000000,23189.000000,169.000000,2.000000,78.000000,-2613.000000,-271.000000,2446.000000, -57641683, -57641682,-0.043114,-0.019363,-0.191189,0.995136,-0.022380,-0.007578,-0.095630
-3746.000000,-1242.000000,28356.000000,34.000000,-6.000000,84.000000,-2479.000000,-271.000000,2446.000000, -57641581, -57641580,-0.039607,-0.019578,-0.184419,0.995491,-0.020618,-0.007922,-0.092249
579.000000,833.000000,19521.000000,-56.000000,-36.000000,95.000000,-2425.000000,-461.000000,2501.000000, -57641479, -57641479,-0.037798,-0.020603,-0.175519,0.995904,-0.019727,-0.008604,-0.087820
1230.000000,-4221.000000,30247.000000,6.000000,45.000000,94.000000,-2667.000000,-515.000000,2694.000000, -57641378, -57641377,-0.040367,-0.021170,-0.163721,0.996375,-0.020979,-0.008897,-0.081961
2476.000000,3070.000000,32214.000000,143.000000,3.000000,-76.000000,-2694.000000,-542.000000,2666.000000, -57641276, -57641276,-0.044884,-0.014635,-0.166540,0.996244,-0.022970,-0.005424,-0.083314
-5372.000000,-4834.000000,32680.000000,-77.000000,-55.000000,-54.000000,-2640.000000,-434.000000,2336.000000, -57641175, -57641174,-0.044671,-0.013995,-0.174699,0.995901,-0.022858,-0.005020,-0.087370
-7912.000000,3551.000000,15272.000000,205.000000,5.000000,-59.000000,-2694.000000,-542.000000,2336.000000, -57641073, -57641073,-0.043684,-0.015724,-0.180715,0.995637,-0.022460,-0.005857,-0.090381
-1134.000000,-3138.000000,27331.000000,-223.000000,-9.000000,29.000000,-2856.000000,-461.000000,2501.000000, -57640972, -57640971,-0.043281,-0.017877,-0.180034,0.995661,-0.022354,-0.006955,-0.090063
671.000000,-3539.000000,-28788.000000,-63.000000,0.000000,6.000000,-2829.000000,-542.000000,2474.000000, -57640870, -57640870,-0.046160,-0.016660,-0.179469,0.995660,-0.023730,-0.006226,-0.089779
-1829.000000,-300.000000,19905.000000,42.000000,80.000000,-52.000000,-2964.000000,-623.000000,2666.000000, -57640769, -57640768,-0.046881,-0.015479,-0.183306,0.995483,-0.024048,-0.005560,-0.091678
-4122.000000,-5291.000000,-28452.000000,-223.000000,-8.000000,14.000000,-2856.000000,-759.000000,2501.000000, -57640667, -57640667,-0.048856,-0.014980,-0.186696,0.995304,-0.025016,-0.005179,-0.093364
-3730.000000,-4365.000000,-23229.000000,-348.000000,26.000000,37.000000,-3018.000000,-678.000000,2336.000000, -57640566, -57640565,-0.049513,-0.018195,-0.181118,0.995536,-0.025474,-0.006819,-0.090628
2172.000000,681.000000,-23965.000000,57.000000,1.000000,101.000000,-2991.000000,-759.000000,2364.000000, -57640464, -57640464,-0.049484,-0.019312,-0.170836,0.995982,-0.025472,-0.007507,-0.085522
91.000000,-220.000000,29863.000000,-49.000000,43.000000,60.000000,-3098.000000,-949.000000,2364.000000, -57640363, -57640362,-0.049960,-0.018771,-0.160910,0.996392,-0.025650,-0.007345,-0.080573
-1226.000000,-1242.000000,-28543.000000,67.000000,-9.000000,-13.000000,-3018.000000,-868.000000,2419.000000, -57640261, -57640261,-0.053827,-0.017043,-0.158204,0.996458,-0.027498,-0.006365,-0.079216
2332.000000,-2324.000000,30457.000000,-41.000000,-14.000000,-38.000000,-3233.000000,-895.000000,2584.000000, -57640160, -57640159,-0.052239,-0.014174,-0.162037,0.996340,-0.026604,-0.004948,-0.081085
-1441.000000,-2164.000000,-25912.000000,-235.000000,-13.000000,-44.000000,-3125.000000,-922.000000,2474.000000, -57640058, -57640058,-0.050860,-0.015170,-0.167147,0.996143,-0.025971,-0.005434,-0.083639
339.000000,1859.000000,27952.000000,59.000000,12.000000,-46.000000,-3287.000000,-949.000000,2364.000000, -57639957, -57639956,-0.051818,-0.014052,-0.172439,0.995911,-0.026414,-0.004767,-0.086263
970.000000,881.000000,24550.000000,307.000000,-11.000000,-88.000000,-3341.000000,-1003.000000,2501.000000, -57639855, -57639854,-0.050192,-0.013723,-0.179907,0.995604,-0.025607,-0.004577,-0.089973
-2093.000000,-2312.000000,26453.000000,228.000000,4.000000,-36.000000,-3260.000000,-1057.000000,2336.000000, -57639752, -57639751,-0.049456,-0.014766,-0.200251,0.994642,-0.025339,-0.004872,-0.100107
-2101.000000,-597.000000,24352.000000,70.000000,-25.000000,58.000000,-3503.000000,-1057.000000,2336.000000, -57639650, -57639649,-0.049410,-0.018810,-0.197453,0.994760,-0.025508,-0.006922,-0.098763
-854.000000,-3695.000000,28945.000000,-32.000000,-72.000000,116.000000,-3476.000000,-1139.000000,2309.000000, -57639548, -57639548,-0.047170,-0.020086,-0.187934,0.995239,-0.024419,-0.007783,-0.094034
1022.000000,-2240.000000,-30893.000000,-145.000000,18.000000,41.000000,-3368.000000,-1464.000000,2419.000000, -57639447, -57639446,-0.048507,-0.018852,-0.179997,0.995595,-0.024999,-0.007205,-0.090074
3463.000000,-5483.000000,-28131.000000,-162.000000,44.000000,-33.000000,-3422.000000,-1383.000000,2309.000000, -57639345, -57639345,-0.050267,-0.016771,-0.180002,0.995584,-0.025781,-0.006090,-0.090058
487.000000,-3186.000000,-32167.000000,-39.000000,10.000000,-46.000000,-3341.000000,-1437.000000,2254.000000, -57639244, -57639243,-0.052279,-0.013442,-0.186245,0.995288,-0.026647,-0.004259,-0.093129
-1505.000000,-1350.000000,-31178.000000,114.000000,-13.000000,-22.000000,-3368.000000,-1546.000000,2144.000000, -57639142, -57639142,-0.053059,-0.014494,-0.189857,0.995103,-0.027093,-0.004697,-0.094942
-714.000000,-316.000000,-17037.000000,-149.000000,-85.000000,0.000000,-3341.000000,-1573.000000,1924.000000, -57639041, -57639040,-0.051687,-0.017011,-0.190298,0.995087,-0.026531,-0.006009,-0.095189
926.000000,448.000000,-32167.000000,49.000000,54.000000,-77.000000,-3287.000000,-1871.000000,1924.000000, -57638939, -57638938,-0.053728,-0.016096,-0.193907,0.994891,-0.027512,-0.005407,-0.096979
-407.000000,-232.000000,-32037.000000,210.000000,-3.000000,-66.000000,-3233.000000,-1763.000000,2171.000000, -57638838, -57638837,-0.052013,-0.014584,-0.203202,0.994461,-0.026608,-0.004615,-0.101578
-2608.000000,-2661.000000,31517.000000,-138.000000,-20.000000,-66.000000,-3233.000000,-1817.000000,2034.000000, -57638736, -57638735,-0.050089,-0.016925,-0.209680,0.994140,-0.025789,-0.005793,-0.104822
-259.000000,-4289.000000,-26133.000000,-112.000000,-2.000000,29.000000,-3045.000000,-1925.000000,2116.000000, -57638634, -57638634,-0.053542,-0.014610,-0.213811,0.993887,-0.027394,-0.004404,-0.106855
-1038.000000,-5920.000000,-16068.000000,-370.000000,-141.000000,91.000000,-2991.000000,-2007.000000,1979.000000, -57638533, -57638532,-0.051440,-0.018964,-0.207190,0.994240,-0.026559,-0.006769,-0.103614
-179.000000,-525.000000,-32242.000000,-1.000000,-7.000000,69.000000,-2964.000000,-1898.000000,2144.000000, -57638431, -57638431,-0.053141,-0.017869,-0.199880,0.994596,-0.027325,-0.006236,-0.099971
383.000000,-1659.000000,30473.000000,94.000000,-44.000000,121.000000,-2748.000000,-2197.000000,1979.000000, -57638330, -57638329,-0.052342,-0.016422,-0.190618,0.995067,-0.026829,-0.005681,-0.095343
487.000000,-336.000000,11284.000000,239.000000,15.000000,65.000000,-2748.000000,-2061.000000,2254.000000, -57638228, -57638228,-0.052096,-0.016440,-0.179821,0.995570,-0.026677,-0.005846,-0.089969
-2452.000000,-6930.000000,32641.000000,-79.000000,-43.000000,44.000000,-2640.000000,-2088.000000,2199.000000, -57638127, -57638126,-0.053560,-0.014434,-0.175916,0.995734,-0.027306,-0.004834,-0.088003
4553.000000,-841.000000,18793.000000,514.000000,-1.000000,-13.000000,-2667.000000,-2061.000000,2171.000000, -57638025, -57638025,-0.054691,-0.014124,-0.175278,0.995748,-0.027854,-0.004639,-0.087684
1142.000000,228.000000,29717.000000,92.000000,42.000000,-50.000000,-2425.000000,-2197.000000,2116.000000, -57637924, -57637923,-0.056442,-0.012526,-0.178079,0.995607,-0.028661,-0.003727,-0.089061
-159.000000,-5427.000000,31426.000000,2.000000,-8.000000,-38.000000,-2586.000000,-2034.000000,1869.000000, -57637822, -57637822,-0.057166,-0.010740,-0.183133,0.995376,-0.028950,-0.002732,-0.091553
-2572.000000,-3651.000000,27857.000000,-152.000000,-40.000000,29.000000,-2533.000000,-2034.000000,1869.000000, -57637721, -57637720,-0.053960,-0.014092,-0.184569,0.995340,-0.027510,-0.004528,-0.092307
711.000000,4565.000000,28123.000000,286.000000,40.000000,11.000000,-2398.000000,-1790.000000,1951.000000, -57637619, -57637618,-0.051611,-0.016383,-0.183866,0.995393,-0.026444,-0.005786,-0.091980
-1477.000000,1695.000000,-19577.000000,-265.000000,16.000000,4.000000,-2344.000000,-1980.000000,2006.000000, -57637518, -57637517,-0.050960,-0.015616,-0.184223,0.995389,-0.026087,-0.005429,-0.092147
-3071.000000,-2076.000000,32467.000000,178.000000,-111.000000,20.000000,-2344.000000,-1654.000000,1759.000000, -57637416, -57637415,-0.052439,-0.016923,-0.183909,0.995377,-0.026881,-0.006015,-0.092011
-4985.000000,360.000000,-13049.000000,-62.000000,-13.000000,32.000000,-2209.000000,-1790.000000,1951.000000, -57637314, -57637314,-0.053682,-0.015448,-0.184279,0.995351,-0.027433,-0.005219,-0.092180
-571.000000,-4036.000000,25871.000000,314.000000,-119.000000,88.000000,-2182.000000,-1763.000000,1841.000000, -57637213, -57637212,-0.056234,-0.015466,-0.178266,0.995588,-0.028689,-0.005197,-0.089193
-2828.000000,-2312.000000,22939.000000,251.000000,-51.000000,45.000000,-2263.000000,-1790.000000,1814.000000, -57637111, -57637111,-0.056809,-0.014700,-0.173248,0.995804,-0.028929,-0.004862,-0.086687
3155.000000,-3371.000000,17460.000000,-40.000000,54.000000,-35.000000,-2048.000000,-1573.000000,1786.000000, -57637010, -57637009,-0.054979,-0.015598,-0.171411,0.995905,-0.028052,-0.005415,-0.085779
639.000000,2822.000000,32388.000000,192.000000,33.000000,-64.000000,-2101.000000,-1736.000000,1869.000000, -57636908, -57636907,-0.052432,-0.014728,-0.177761,0.995666,-0.026762,-0.005006,-0.088923
4721.000000,-3804.000000,-31922.000000,121.000000,40.000000,-115.000000,-2182.000000,-1627.000000,1649.000000, -57636806, -57636806,-0.056010,-0.011373,-0.187253,0.995199,-0.028410,-0.003042,-0.093610
-679.000000,-2168.000000,27114.000000,-62.000000,-12.000000,-93.000000,-2021.000000,-1790.000000,1566.000000, -57636705, -57636704,-0.055601,-0.011320,-0.198252,0.994675,-0.028220,-0.002879,-0.099081
2204.000000,-2409.000000,29685.000000,-70.000000,61.000000,-65.000000,-2128.000000,-1573.000000,1594.000000, -57636603, -57636603,-0.053549,-0.013398,-0.205635,0.994322,-0.027316,-0.003914,-0.102776
-2448.000000,-1386.000000,24182.000000,81.000000,-5.000000,-9.000000,-2048.000000,-1627.000000,1319.000000, -57636502, -57636501,-0.053818,-0.014918,-0.210331,0.994066,-0.027539,-0.004591,-0.105131
2324.000000,6401.000000,22524.000000,176.000000,26.000000,34.000000,-1967.000000,-1464.000000,1566.000000, -57636400, -57636400,-0.049140,-0.018619,-0.206385,0.994313,-0.025395,-0.006727,-0.103201
-451.000000,-3848.000000,-21010.000000,-60.000000,18.000000,21.000000,-2128.000000,-1519.000000,1182.000000, -57636299, -57636298,-0.052196,-0.015134,-0.205442,0.994341,-0.026732,-0.004849,-0.102699
-2220.000000,-857.000000,20973.000000,13.000000,-29.000000,82.000000,-1967.000000,-1546.000000,1099.000000, -57636197, -57636197,-0.050961,-0.015458,-0.200780,0.994593,-0.026123,-0.005134,-0.100382
1989.000000,-6838.000000,25361.000000,-205.000000,-37.000000,97.000000,-2128.000000,-1383.000000,1072.000000, -57636096, -57636095,-0.046108,-0.022114,-0.187620,0.995254,-0.023985,-0.008846,-0.093895
1294.000000,-6173.000000,-24317.000000,-183.000000,16.000000,37.000000,-1778.000000,-1546.000000,907.000000, -57635994, -57635994,-0.053818,-0.017972,-0.182002,0.995440,-0.027610,-0.006500,-0.091080
3730.000000,272.000000,31743.000000,-82.000000,47.000000,-20.000000,-1886.000000,-1573.000000,659.000000, -57635893, -57635892,-0.052824,-0.016107,-0.182165,0.995456,-0.027031,-0.005615,-0.091134
-4853.000000,801.000000,30382.000000,-161.000000,-19.000000,-23.000000,-1751.000000,-1573.000000,742.000000, -57635791, -57635791,-0.053721,-0.016043,-0.183542,0.995381,-0.027478,-0.005523,-0.091821
691.000000,-3808.000000,-23024.000000,-57.000000,6.000000,37.000000,-1805.000000,-1871.000000,467.000000, -57635690, -57635689,-0.054423,-0.017185,-0.180602,0.995499,-0.027871,-0.006101,-0.090374
-3447.000000,-5768.000000,29183.000000,41.000000,-39.000000,11.000000,-1778.000000,-1898.000000,439.000000, -57635588, -57635587,-0.057730,-0.016466,-0.178044,0.995570,-0.029477,-0.005631,-0.089101
-2049.000000,-3519.000000,-19388.000000,-332.000000,19.000000,-17.000000,-1562.000000,-2007.000000,522.000000, -57635487, -57635486,-0.058085,-0.014317,-0.179129,0.995528,-0.029561,-0.004530,-0.089612
283.000000,3748.000000,-28764.000000,222.000000,14.000000,-10.000000,-1670.000000,-2088.000000,687.000000, -57635385, -57635384,-0.056406,-0.014479,-0.181135,0.995461,-0.028737,-0.004656,-0.090608
379.000000,-8586.000000,21021.000000,-173.000000,-45.000000,28.000000,-1589.000000,-2468.000000,824.000000, -57635284, -57635283,-0.061042,-0.014422,-0.178222,0.995523,-0.031036,-0.004463,-0.089168
-1789.000000,-7287.000000,-13947.000000,-404.000000,-61.000000,126.000000,-1482.000000,-2278.000000,824.000000, -57635182, -57635181,-0.060589,-0.015386,-0.169000,0.995926,-0.030830,-0.005106,-0.084590
2955.000000,-5243.000000,19390.000000,214.000000,21.000000,20.000000,-1482.000000,-2224.000000,1292.000000, -57635081, -57635080,-0.064537,-0.016714,-0.158840,0.996273,-0.032823,-0.005767,-0.079561
-603.000000,1863.000000,17982.000000,-132.000000,17.000000,-29.000000,-1239.000000,-2034.000000,1347.000000, -57634979, -57634978,-0.059660,-0.015025,-0.156180,0.996463,-0.030319,-0.005160,-0.078197
-3183.000000,525.000000,20237.000000,-12.000000,38.000000,-47.000000,-1374.000000,-1925.000000,1456.000000, -57634878, -57634877,-0.058277,-0.012433,-0.159985,0.996345,-0.029537,-0.003866,-0.080052
-5416.000000,-5255.000000,-30933.000000,-778.000000,75.000000,-40.000000,-1374.000000,-1817.000000,1456.000000, -57634776, -57634775,-0.058521,-0.012822,-0.163818,0.996185,-0.029682,-0.003993,-0.081968
-1797.000000,-7179.000000,28055.000000,-145.000000,-11.000000,-42.000000,-1697.000000,-1681.000000,1594.000000, -57634675, -57634674,-0.057341,-0.015076,-0.167102,0.996056,-0.029195,-0.005116,-0.083632
-1354.000000,-3908.000000,-28626.000000,-33.000000,11.000000,-61.000000,-1886.000000,-1763.000000,1594.000000, -57634573, -57634573,-0.059081,-0.013992,-0.173021,0.995783,-0.030029,-0.004415,-0.086569
1905.000000,-2008.000000,-30600.000000,-110.000000,54.000000,-34.000000,-1967.000000,-1464.000000,1621.000000, -57634472, -57634471,-0.059982,-0.011338,-0.179580,0.995492,-0.030373,-0.002955,-0.089797
-2172.000000,-5399.000000,14469.000000,34.000000,-30.000000,-27.000000,-1994.000000,-1519.000000,1649.000000, -57634370, -57634370,-0.056925,-0.013808,-0.182876,0.995377,-0.028969,-0.004274,-0.091467
-766.000000,-4080.000000,31371.000000,-112.000000,26.000000,46.000000,-2128.000000,-1519.000000,1841.000000, -57634269, -57634268,-0.056618,-0.016212,-0.181101,0.995451,-0.028921,-0.005510,-0.090616
1182.000000,1787.000000,23418.000000,315.000000,17.000000,28.000000,-2209.000000,-1464.000000,1676.000000, -57634167, -57634166,-0.055049,-0.016770,-0.175553,0.995718,-0.028149,-0.005937,-0.087857
-671.000000,2846.000000,31596.000000,444.000000,52.000000,-5.000000,-2101.000000,-1736.000000,1621.000000, -57634066, -57634065,-0.061441,-0.014720,-0.174460,0.995681,-0.031239,-0.004652,-0.087301
1789.000000,-2076.000000,-30976.000000,98.000000,-69.000000,57.000000,-2209.000000,-1736.000000,1484.000000, -57633964, -57633963,-0.059789,-0.014776,-0.172341,0.995798,-0.030414,-0.004785,-0.086243
-4321.000000,-2757.000000,25416.000000,-101.000000,0.000000,26.000000,-2101.000000,-2034.000000,1814.000000, -57633862, -57633862,-0.056197,-0.016560,-0.168246,0.996017,-0.028690,-0.005887,-0.084220
1829.000000,-12.000000,19707.000000,193.000000,-21.000000,-6.000000,-2209.000000,-2142.000000,2199.000000, -57633761, -57633760,-0.056485,-0.016337,-0.166042,0.996106,-0.028818,-0.005795,-0.083120
1266.000000,-1503.000000,-28844.000000,-95.000000,-9.000000,-65.000000,-2182.000000,-2061.000000,2171.000000, -57633659, -57633659,-0.058834,-0.013464,-0.170406,0.995902,-0.029878,-0.004201,-0.085258
910.000000,-4200.000000,-30893.000000,-288.000000,125.000000,-95.000000,-2398.000000,-1980.000000,2666.000000, -57633558, -57633557,-0.059092,-0.015075,-0.177911,0.995563,-0.030093,-0.004880,-0.089019
-2456.000000,-1876.000000,29294.000000,60.000000,-31.000000,-78.000000,-2209.000000,-1844.000000,2611.000000, -57633456, -57633455,-0.059993,-0.012921,-0.186858,0.995152,-0.030463,-0.003631,-0.093442
-5008.000000,-4148.000000,-17093.000000,-128.000000,-9.000000,-21.000000,-2344.000000,-1736.000000,2666.000000, -57633352, -57633352,-0.062721,-0.015005,-0.196239,0.994650,-0.031938,-0.004391,-0.098145
-4018.000000,-4545.000000,-10889.000000,-250.000000,-49.000000,55.000000,-2182.000000,-1627.000000,2584.000000, -57633251, -57633250,-0.064956,-0.015170,-0.194464,0.994699,-0.033054,-0.004393,-0.097270
627.000000,-3222.000000,30330.000000,-33.000000,-24.000000,33.000000,-2155.000000,-1356.000000,2748.000000, -57633149, -57633149,-0.063329,-0.014423,-0.191198,0.994887,-0.032202,-0.004153,-0.095630
-1693.000000,-1571.000000,-20598.000000,-180.000000,-16.000000,-9.000000,-2209.000000,-1464.000000,2611.000000, -57633048, -57633047,-0.063504,-0.014700,-0.188464,0.995013,-0.032296,-0.004327,-0.094275
-1202.000000,-2485.000000,5721.000000,-110.000000,8.000000,-52.000000,-2344.000000,-1464.000000,2803.000000, -57632946, -57632945,-0.060067,-0.013942,-0.191359,0.994933,-0.030556,-0.004067,-0.095696
-1877.000000,-1988.000000,-15783.000000,-204.000000,5.000000,-64.000000,-2209.000000,-1302.000000,2611.000000, -57632844, -57632844,-0.062447,-0.014017,-0.197180,0.994613,-0.031756,-0.003898,-0.098598
119.000000,-1976.000000,-31740.000000,36.000000,36.000000,-36.000000,-2209.000000,-1302.000000,2666.000000, -57632743, -57632742,-0.062348,-0.015116,-0.202514,0.994342,-0.031772,-0.004365,-0.101267
2252.000000,-1427.000000,14247.000000,474.000000,-73.000000,15.000000,-2344.000000,-1410.000000,2666.000000, -57632641, -57632641,-0.059045,-0.015629,-0.202682,0.994382,-0.030156,-0.004785,-0.101350
-3295.000000,-893.000000,14453.000000,-85.000000,50.000000,-4.000000,-2479.000000,-1383.000000,2584.000000, -57632540, -57632539,-0.056518,-0.017246,-0.198492,0.994621,-0.028969,-0.005777,-0.099282
2552.000000,-9255.000000,-715.000000,-559.000000,-65.000000,19.000000,-2425.000000,-1329.000000,2776.000000, -57632438, -57632438,-0.058898,-0.016632,-0.197953,0.994616,-0.030121,-0.005362,-0.099013
2840.000000,3222.000000,30671.000000,362.000000,-34.000000,-7.000000,-2425.000000,-1329.000000,2694.000000, -57632337, -57632336,-0.055144,-0.017165,-0.199437,0.994594,-0.028285,-0.005792,-0.099747
1318.000000,-4770.000000,29709.000000,80.000000,41.000000,-46.000000,-2425.000000,-1329.000000,2694.000000, -57632235, -57632235,-0.059929,-0.017624,-0.202615,0.994361,-0.030696,-0.005733,-0.101348
786.000000,3291.000000,-29781.000000,4.000000,47.000000,-4.000000,-2479.000000,-1383.000000,2639.000000, -57632134, -57632133,-0.057459,-0.016808,-0.203616,0.994352,-0.029430,-0.005438,-0.101827
-4413.000000,-557.000000,30528.000000,58.000000,-21.000000,31.000000,-2479.000000,-1383.000000,2584.000000, -57632032, -57632031,-0.056825,-0.017358,-0.200935,0.994494,-0.029135,-0.005782,-0.100500
-563.000000,-2365.000000,-19858.000000,-106.000000,-20.000000,-2.000000,-2398.000000,-1302.000000,2748.000000, -57631931, -57631930,-0.057509,-0.016911,-0.199326,0.994567,-0.029448,-0.005549,-0.099695
-1433.000000,-785.000000,-31783.000000,59.000000,69.000000,-40.000000,-2560.000000,-1329.000000,2584.000000, -57631829, -57631828,-0.057813,-0.016256,-0.203277,0.994367,-0.029577,-0.005150,-0.101651
319.000000,-1254.000000,18223.000000,109.000000,-25.000000,-8.000000,-2479.000000,-1085.000000,2584.000000, -57631728, -57631727,-0.056595,-0.017390,-0.206816,0.994197,-0.029039,-0.005725,-0.103423
-958.000000,-1775.000000,27877.000000,148.000000,-52.000000,90.000000,-2479.000000,-1383.000000,2446.000000, -57631626, -57631625,-0.057491,-0.019976,-0.201761,0.994426,-0.029600,-0.007039,-0.100948
1569.000000,-344.000000,17828.000000,113.000000,34.000000,65.000000,-2667.000000,-1383.000000,2446.000000, -57631524, -57631524,-0.056183,-0.021947,-0.192666,0.994881,-0.029011,-0.008217,-0.096447
259.000000,-653.000000,22884.000000,-110.000000,11.000000,55.000000,-2829.000000,-1356.000000,2199.000000, -57631423, -57631422,-0.056748,-0.020153,-0.185491,0.995224,-0.029180,-0.007402,-0.092855
-1230.000000,-1896.000000,-27221.000000,-69.000000,-47.000000,53.000000,-2775.000000,-1356.000000,2281.000000, -57631321, -57631320,-0.055393,-0.018346,-0.181240,0.995450,-0.028408,-0.006626,-0.090711
1833.000000,893.000000,-32191.000000,-114.000000,22.000000,53.000000,-2883.000000,-1464.000000,2281.000000, -57631220, -57631219,-0.054445,-0.020486,-0.175313,0.995715,-0.028010,-0.007817,-0.087785
155.000000,-3543.000000,-4329.000000,-283.000000,-82.000000,62.000000,-3018.000000,-1600.000000,2281.000000, -57631118, -57631117,-0.054690,-0.021002,-0.168852,0.995987,-0.028128,-0.008154,-0.084576
-1138.000000,2517.000000,29515.000000,19.000000,8.000000,-15.000000,-2883.000000,-1600.000000,2336.000000, -57631016, -57631016,-0.054865,-0.018464,-0.167382,0.996061,-0.028103,-0.006904,-0.083811
-850.000000,-2854.000000,27909.000000,104.000000,-51.000000,-34.000000,-2694.000000,-1654.000000,2419.000000, -57630915, -57630914,-0.056005,-0.019562,-0.168632,0.995986,-0.028722,-0.007385,-0.084452
4961.000000,-1390.000000,-22216.000000,-291.000000,76.000000,-42.000000,-2694.000000,-1600.000000,2199.000000, -57630813, -57630813,-0.060011,-0.018273,-0.173167,0.995740,-0.030677,-0.006504,-0.086706
-27.000000,-3828.000000,25749.000000,28.000000,-2.000000,-15.000000,-2856.000000,-1681.000000,2171.000000, -57630712, -57630711,-0.058074,-0.020320,-0.175521,0.995654,-0.029810,-0.007572,-0.087900
-834.000000,-1695.000000,-28670.000000,38.000000,-53.000000,-20.000000,-2694.000000,-1600.000000,2281.000000, -57630610, -57630609,-0.060702,-0.020161,-0.179136,0.995455,-0.031125,-0.007321,-0.089707
3187.000000,-5764.000000,14469.000000,471.000000,67.000000,-26.000000,-2748.000000,-1763.000000,2309.000000, -57630508, -57630508,-0.061203,-0.018526,-0.180400,0.995400,-0.031305,-0.006465,-0.090314
-3894.000000,-3094.000000,26346.000000,5.000000,9.000000,5.000000,-2883.000000,-1844.000000,2419.000000, -57630407, -57630406,-0.062525,-0.014546,-0.185127,0.995185,-0.031795,-0.004349,-0.092610
-1286.000000,-3439.000000,-29227.000000,-294.000000,-83.000000,26.000000,-2829.000000,-1844.000000,2474.000000, -57630305, -57630305,-0.060440,-0.017856,-0.183130,0.995292,-0.030904,-0.006124,-0.091660
-1358.000000,-5427.000000,27861.000000,-45.000000,-51.000000,23.000000,-2802.000000,-1871.000000,2501.000000, -57630204, -57630203,-0.060238,-0.017757,-0.181284,0.995380,-0.030793,-0.006112,-0.090739
-1066.000000,-2320.000000,25634.000000,-8.000000,-58.000000,-29.000000,-2829.000000,-2034.000000,2666.000000, -57630102, -57630102,-0.060316,-0.017448,-0.181441,0.995373,-0.030818,-0.005952,-0.090813
-1777.000000,721.000000,23007.000000,659.000000,-211.000000,-22.000000,-2775.000000,-2088.000000,2748.000000, -57630001, -57630000,-0.055203,-0.017498,-0.187416,0.995173,-0.028294,-0.006125,-0.093772
-2784.000000,-1847.000000,18603.000000,413.000000,-35.000000,-27.000000,-2883.000000,-1790.000000,2858.000000, -57629899, -57629898,-0.056034,-0.015984,-0.192297,0.994937,-0.028650,-0.005263,-0.096182
-782.000000,-2513.000000,22120.000000,168.000000,24.000000,2.000000,-2883.000000,-2034.000000,2996.000000, -57629798, -57629797,-0.060906,-0.013993,-0.195075,0.994740,-0.030984,-0.003995,-0.097547
1749.000000,-2525.000000,-26561.000000,-82.000000,-30.000000,19.000000,-2748.000000,-1681.000000,3023.000000, -57629696, -57629695,-0.060815,-0.018305,-0.193331,0.994803,-0.031143,-0.006171,-0.096743
-2121.000000,-1439.000000,32688.000000,-144.000000,19.000000,23.000000,-2667.000000,-1573.000000,3106.000000, -57629594, -57629594,-0.058705,-0.018041,-0.192043,0.994899,-0.030077,-0.006161,-0.096092
1957.000000,2144.000000,27145.000000,158.000000,14.000000,6.000000,-2802.000000,-1519.000000,2776.000000, -57629493, -57629492,-0.057836,-0.017765,-0.190009,0.995011,-0.029625,-0.006096,-0.095074
-1737.000000,-998.000000,26556.000000,83.000000,-16.000000,-7.000000,-2775.000000,-1302.000000,2858.000000, -57629391, -57629390,-0.059408,-0.016106,-0.190002,0.994997,-0.030328,-0.005196,-0.095052
-2672.000000,-4088.000000,-31071.000000,-20.000000,-82.000000,66.000000,-3018.000000,-1356.000000,2803.000000, -57629290, -57629289,-0.059451,-0.017381,-0.188280,0.995070,-0.030405,-0.005855,-0.094213
-707.000000,-2312.000000,30061.000000,-491.000000,77.000000,-7.000000,-3072.000000,-1302.000000,2748.000000, -57629188, -57629187,-0.063985,-0.015069,-0.185876,0.995124,-0.032547,-0.004529,-0.092994
-395.000000,2577.000000,31260.000000,38.000000,-50.000000,65.000000,-3072.000000,-1546.000000,2858.000000, -57629087, -57629086,-0.059383,-0.019760,-0.177058,0.995570,-0.030443,-0.007212,-0.088663
-3147.000000,256.000000,23656.000000,130.000000,-29.000000,14.000000,-3018.000000,-1546.000000,2858.000000, -57628985, -57628984,-0.059733,-0.016431,-0.175161,0.995668,-0.030465,-0.005568,-0.087671
4361.000000,3651.000000,23493.000000,217.000000,-54.000000,-7.000000,-2910.000000,-1817.000000,2639.000000, -57628883, -57628883,-0.056870,-0.018735,-0.175066,0.995702,-0.029140,-0.006842,-0.087647
-3874.000000,-4425.000000,30714.000000,-110.000000,-4.000000,-37.000000,-2991.000000,-1573.000000,2639.000000, -57628782, -57628781,-0.057208,-0.017375,-0.178417,0.995556,-0.029259,-0.006102,-0.089298
-1469.000000,2934.000000,19648.000000,321.000000,-11.000000,-5.000000,-2910.000000,-1681.000000,2913.000000, -57628680, -57628679,-0.056143,-0.015705,-0.181275,0.995452,-0.028662,-0.005277,-0.090695
0.000000,1671.000000,15363.000000,199.000000,14.000000,-8.000000,-2964.000000,-1600.000000,3051.000000, -57628578, -57628578,-0.054579,-0.017995,-0.180473,0.995498,-0.027985,-0.006499,-0.090322
-563.000000,-5824.000000,-29105.000000,-103.000000,11.000000,-1.000000,-2856.000000,-1573.000000,3106.000000, -57628477, -57628476,-0.057717,-0.015684,-0.180216,0.995477,-0.029442,-0.005210,-0.090171
-2176.000000,-2276.000000,31561.000000,-8.000000,-26.000000,3.000000,-3018.000000,-1410.000000,3271.000000, -57628375, -57628375,-0.059068,-0.011577,-0.179804,0.995495,-0.029929,-0.003112,-0.089910
-3423.000000,-633.000000,24031.000000,31.000000,-80.000000,55.000000,-3018.000000,-1464.000000,3271.000000, -57628274, -57628273,-0.056102,-0.014898,-0.176311,0.995679,-0.028593,-0.004948,-0.088213
858.000000,-4954.000000,23636.000000,-179.000000,84.000000,-7.000000,-2910.000000,-1329.000000,3161.000000, -57628172, -57628171,-0.059979,-0.013809,-0.175100,0.995680,-0.030473,-0.004253,-0.087603
-495.000000,-2573.000000,-13987.000000,-153.000000,-34.000000,37.000000,-2829.000000,-1356.000000,2996.000000, -57628071, -57628070,-0.060345,-0.014631,-0.172251,0.995794,-0.030684,-0.004690,-0.086198
842.000000,-1134.000000,30299.000000,150.000000,-67.000000,12.000000,-2991.000000,-1573.000000,3353.000000, -57627969, -57627968,-0.059794,-0.015164,-0.169162,0.995932,-0.030425,-0.005026,-0.084666
-858.000000,1006.000000,29274.000000,125.000000,29.000000,-73.000000,-3018.000000,-1356.000000,3381.000000, -57627868, -57627867,-0.061470,-0.011980,-0.172247,0.995789,-0.031131,-0.003322,-0.086158
399.000000,-244.000000,-24764.000000,329.000000,10.000000,-56.000000,-3018.000000,-1302.000000,3271.000000, -57627766, -57627765,-0.060597,-0.012991,-0.177789,0.995556,-0.030750,-0.003778,-0.088931
1118.000000,-4938.000000,-15134.000000,-345.000000,24.000000,-19.000000,-2856.000000,-1193.000000,3216.000000, -57627665, -57627664,-0.060229,-0.012250,-0.184206,0.995274,-0.030545,-0.003327,-0.092113
2732.000000,966.000000,30678.000000,140.000000,6.000000,43.000000,-2991.000000,-1003.000000,3161.000000, -57627563, -57627562,-0.058403,-0.014206,-0.182628,0.995365,-0.029722,-0.004408,-0.091352
479.000000,-3748.000000,31541.000000,-40.000000,-1.000000,53.000000,-3018.000000,-1220.000000,3271.000000, -57627462, -57627461,-0.058778,-0.012885,-0.178213,0.995565,-0.029841,-0.003799,-0.089137
663.000000,-212.000000,17563.000000,204.000000,8.000000,64.000000,-3018.000000,-976.000000,3326.000000, -57627360, -57627359,-0.058294,-0.013331,-0.170252,0.995917,-0.029603,-0.004161,-0.085179
-2292.000000,-4321.000000,-27134.000000,-37.000000,0.000000,-16.000000,-2910.000000,-840.000000,3216.000000, -57627258, -57627258,-0.059658,-0.014314,-0.165105,0.996108,-0.030312,-0.004670,-0.082633
471.000000,-168.000000,-27316.000000,-103.000000,69.000000,-33.000000,-2910.000000,-895.000000,3436.000000, -57627157, -57627156,-0.059473,-0.011372,-0.167474,0.996025,-0.030103,-0.003177,-0.083769
-283.000000,-2521.000000,-21057.000000,9.000000,20.000000,-61.000000,-3045.000000,-705.000000,3216.000000, -57627053, -57627052,-0.060854,-0.009715,-0.180186,0.995458,-0.030735,-0.002098,-0.090075
-2983.000000,-2353.000000,-31435.000000,-109.000000,-78.000000,-51.000000,-3018.000000,-868.000000,3051.000000, -57626951, -57626950,-0.059009,-0.013604,-0.186580,0.995177,-0.030005,-0.004021,-0.093312
-1897.000000,-4417.000000,31806.000000,-113.000000,8.000000,-42.000000,-2964.000000,-732.000000,3133.000000, -57626850, -57626849,-0.058761,-0.014521,-0.192023,0.994918,-0.029936,-0.004408,-0.096032
1449.000000,-4.000000,30204.000000,35.000000,-4.000000,-66.000000,-3125.000000,-678.000000,3326.000000, -57626748, -57626747,-0.059373,-0.014237,-0.197981,0.994620,-0.030239,-0.004147,-0.098993
2049.000000,469.000000,-29516.000000,-113.000000,-6.000000,-16.000000,-3072.000000,-542.000000,3051.000000, -57626647, -57626646,-0.058592,-0.016328,-0.201848,0.994427,-0.029964,-0.005168,-0.100944
139.000000,-1948.000000,-29801.000000,15.000000,-26.000000,9.000000,-2883.000000,-542.000000,2941.000000, -57626545, -57626544,-0.059688,-0.013255,-0.205448,0.994243,-0.030361,-0.003530,-0.102692
547.000000,-5070.000000,-27934.000000,-143.000000,1.000000,61.000000,-2991.000000,-759.000000,2913.000000, -57626443, -57626442,-0.061354,-0.015597,-0.202395,0.994361,-0.031302,-0.004656,-0.101212
2756.000000,-3150.000000,-28048.000000,-27.000000,-84.000000,111.000000,-3018.000000,-623.000000,3051.000000, -57626342, -57626341,-0.059268,-0.017243,-0.194067,0.994797,-0.030324,-0.005707,-0.097089
383.000000,1743.000000,15655.000000,155.000000,44.000000,12.000000,-2964.000000,-732.000000,2941.000000, -57626240, -57626239,-0.058998,-0.018375,-0.186351,0.995162,-0.030220,-0.006399,-0.093266
-794.000000,-3479.000000,30599.000000,39.000000,25.000000,-6.000000,-2802.000000,-759.000000,2913.000000, -57626138, -57626137,-0.060977,-0.016622,-0.183654,0.995266,-0.031116,-0.005477,-0.091904
1481.000000,-2437.000000,-25041.000000,107.000000,-29.000000,-34.000000,-2910.000000,-759.000000,3106.000000, -57626036, -57626036,-0.061125,-0.016482,-0.186334,0.995141,-0.031190,-0.005359,-0.093237
-15.000000,-4028.000000,27644.000000,167.000000,39.000000,-55.000000,-2856.000000,-895.000000,2968.000000, -57625935, -57625934,-0.062964,-0.017716,-0.188798,0.994989,-0.032170,-0.005847,-0.094486
-483.000000,-4168.000000,27806.000000,110.000000,-18.000000,1.000000,-2910.000000,-895.000000,3106.000000, -57625833, -57625833,-0.065561,-0.017828,-0.191361,0.994824,-0.033475,-0.005737,-0.095770
-2069.000000,-4152.000000,25207.000000,133.000000,34.000000,-34.000000,-2964.000000,-732.000000,2996.000000, -57625732, -57625731,-0.068933,-0.018426,-0.191770,0.994743,-0.035181,-0.005866,-0.095993
-23.000000,-1847.000000,19161.000000,206.000000,41.000000,11.000000,-2883.000000,-868.000000,2996.000000, -57625630, -57625629,-0.072479,-0.019202,-0.192180,0.994654,-0.036983,-0.006074,-0.096221
-559.000000,-5920.000000,31399.000000,-23.000000,-20.000000,46.000000,-2856.000000,-759.000000,2968.000000, -57625528, -57625528,-0.079086,-0.019733,-0.189077,0.994671,-0.040285,-0.006083,-0.094708
-1433.000000,-5515.000000,30587.000000,64.000000,-16.000000,84.000000,-2883.000000,-786.000000,3133.000000, -57625427, -57625426,-0.086942,-0.020438,-0.182434,0.994809,-0.044204,-0.006208,-0.091442
-395.000000,-2625.000000,30405.000000,49.000000,-22.000000,89.000000,-2910.000000,-759.000000,3106.000000, -57625325, -57625324,-0.090312,-0.020995,-0.173252,0.995139,-0.045876,-0.006542,-0.086897
-714.000000,-1354.000000,30037.000000,4.000000,-12.000000,53.000000,-2856.000000,-759.000000,3216.000000, -57625224, -57625223,-0.087867,-0.020449,-0.165851,0.995513,-0.044612,-0.006542,-0.083194
-139.000000,-1322.000000,31173.000000,2.000000,1.000000,11.000000,-2829.000000,-976.000000,2996.000000, -57625122, -57625121,-0.085077,-0.019867,-0.162426,0.995719,-0.043189,-0.006442,-0.081467
-455.000000,-1459.000000,30868.000000,-2.000000,-2.000000,-8.000000,-2829.000000,-922.000000,2941.000000, -57625020, -57625020,-0.082273,-0.019223,-0.162451,0.995782,-0.041766,-0.006235,-0.081458
-431.000000,-2124.000000,30944.000000,-2.000000,-3.000000,-10.000000,-2991.000000,-1003.000000,2968.000000, -57624919, -57624918,-0.080253,-0.019032,-0.163318,0.995789,-0.040756,-0.006205,-0.081879
-551.000000,-1543.000000,32716.000000,-23.000000,-16.000000,14.000000,-2910.000000,-705.000000,3161.000000, -57624817, -57624817,-0.079119,-0.019429,-0.163991,0.995782,-0.040210,-0.006435,-0.082219
-1082.000000,-1499.000000,30722.000000,-3.000000,-12.000000,46.000000,-2964.000000,-922.000000,3188.000000, -57624716, -57624715,-0.076589,-0.020340,-0.160894,0.995952,-0.038976,-0.007053,-0.080685
-63.000000,-1459.000000,30247.000000,4.000000,-16.000000,52.000000,-3045.000000,-840.000000,3161.000000, -57624614, -57624614,-0.074207,-0.020736,-0.155337,0.996216,-0.037785,-0.007451,-0.077916
-547.000000,-1707.000000,30235.000000,9.000000,-9.000000,30.000000,-2856.000000,-759.000000,3106.000000, -57624513, -57624512,-0.072357,-0.020606,-0.151568,0.996396,-0.036844,-0.007528,-0.076030
-730.000000,-1322.000000,30500.000000,7.000000,-6.000000,30.000000,-2775.000000,-922.000000,3051.000000, -57624411, -57624410,-0.070420,-0.020996,-0.148624,0.996540,-0.035883,-0.007849,-0.074562
-938.000000,-1683.000000,30706.000000,6.000000,-13.000000,36.000000,-2964.000000,-922.000000,3051.000000, -57624309, -57624309,-0.069022,-0.021943,-0.144693,0.996703,-0.035204,-0.008442,-0.072614
-934.000000,-1655.000000,30583.000000,0.000000,-14.000000,51.000000,-2802.000000,-1003.000000,3106.000000, -57624208, -57624207,-0.067515,-0.023175,-0.139830,0.996894,-0.034475,-0.009194,-0.070203
-806.000000,-2136.000000,30880.000000,11.000000,-22.000000,76.000000,-3018.000000,-922.000000,3051.000000, -57624106, -57624106,-0.066530,-0.025103,-0.132829,0.997137,-0.034016,-0.010309,-0.066740
-1513.000000,-2581.000000,30148.000000,40.000000,-32.000000,99.000000,-2883.000000,-868.000000,3133.000000, -57624005, -57624004,-0.065658,-0.028050,-0.123289,0.997436,-0.033621,-0.011968,-0.062026
-890.000000,-2970.000000,-31633.000000,12.000000,-58.000000,126.000000,-2910.000000,-840.000000,3216.000000, -57623903, -57623902,-0.064203,-0.032607,-0.109847,0.997816,-0.032938,-0.014508,-0.055383
-2644.000000,-2268.000000,-32765.000000,83.000000,-35.000000,107.000000,-2910.000000,-949.000000,2913.000000, -57623802, -57623801,-0.061557,-0.036781,-0.094781,0.998209,-0.031605,-0.016903,-0.047907
7.000000,-5042.000000,29408.000000,61.000000,87.000000,34.000000,-2991.000000,-949.000000,3106.000000, -57623700, -57623699,-0.060156,-0.032481,-0.086525,0.998460,-0.030743,-0.014917,-0.043712
2320.000000,-1727.000000,32609.000000,-224.000000,185.000000,-246.000000,-2910.000000,-949.000000,2694.000000, -57623598, -57623598,-0.056180,-0.010777,-0.101043,0.998308,-0.028322,-0.003961,-0.050630
-2708.000000,4024.000000,23114.000000,238.000000,38.000000,-164.000000,-2964.000000,-786.000000,2996.000000, -57623497, -57623496,-0.052067,-0.005912,-0.127640,0.997617,-0.026166,-0.001289,-0.063831
-1929.000000,2854.000000,-26711.000000,3.000000,-11.000000,17.000000,-3018.000000,-976.000000,3051.000000, -57623395, -57623394,-0.048821,-0.010333,-0.134048,0.997436,-0.024699,-0.003519,-0.067079
607.000000,6694.000000,-31613.000000,113.000000,7.000000,8.000000,-3018.000000,-922.000000,3188.000000, -57623294, -57623293,-0.038069,-0.010662,-0.133048,0.997586,-0.019345,-0.004053,-0.066563
475.000000,2585.000000,31921.000000,21.000000,1.000000,12.000000,-2964.000000,-922.000000,2996.000000, -57623192, -57623192,-0.025006,-0.010607,-0.132592,0.997707,-0.012826,-0.004463,-0.066307
