726.000000,-216.000000,15186.000000,-50.000000,-18.000000,-30.000000,109.000000,77.000000,52.000000, -63479863, -63479862
660.000000,-164.000000,15316.000000,-51.000000,-18.000000,-32.000000,104.000000,82.000000,54.000000, -63479848, -63479848
690.000000,-202.000000,15234.000000,-51.000000,-18.000000,-31.000000,102.000000,79.000000,50.000000, -63479837, -63479836
672.000000,-100.000000,15312.000000,-49.000000,-19.000000,-29.000000,105.000000,87.000000,56.000000, -63479825, -63479825
626.000000,-158.000000,15240.000000,-52.000000,-18.000000,-29.000000,105.000000,78.000000,60.000000, -63479814, -63479813
684.000000,-156.000000,15272.000000,-52.000000,-19.000000,-32.000000,104.000000,73.000000,62.000000, -63479802, -63479801
690.000000,-140.000000,15188.000000,-52.000000,-18.000000,-31.000000,102.000000,82.000000,59.000000, -63479788, -63479788
676.000000,-160.000000,15302.000000,-52.000000,-18.000000,-31.000000,103.000000,80.000000,53.000000, -63479777, -63479776
714.000000,-118.000000,15240.000000,-54.000000,-19.000000,-30.000000,107.000000,83.000000,53.000000, -63479765, -63479765
592.000000,-186.000000,15296.000000,-54.000000,-17.000000,-31.000000,107.000000,80.000000,56.000000, -63479754, -63479753
708.000000,-132.000000,15216.000000,-52.000000,-18.000000,-32.000000,106.000000,75.000000,52.000000, -63479742, -63479741
660.000000,-128.000000,15278.000000,-50.000000,-18.000000,-29.000000,101.000000,80.000000,51.000000, -63479728, -63479728
666.000000,-118.000000,15246.000000,-51.000000,-14.000000,-31.000000,101.000000,87.000000,56.000000, -63479717, -63479716
658.000000,-146.000000,15218.000000,-51.000000,-15.000000,-29.000000,107.000000,78.000000,58.000000, -63479705, -63479705
602.000000,-208.000000,15312.000000,-52.000000,-17.000000,-30.000000,105.000000,74.000000,49.000000, -63479694, -63479693
682.000000,-186.000000,15324.000000,-53.000000,-20.000000,-33.000000,105.000000,76.000000,56.000000, -63479682, -63479682
666.000000,-152.000000,15306.000000,-50.000000,-19.000000,-32.000000,107.000000,80.000000,56.000000, -63479669, -63479668
660.000000,-150.000000,15342.000000,-53.000000,-19.000000,-29.000000,103.000000,83.000000,56.000000, -63479657, -63479656
674.000000,-140.000000,15298.000000,-49.000000,-18.000000,-30.000000,106.000000,77.000000,57.000000, -63479646, -63479645
702.000000,-154.000000,15298.000000,-53.000000,-17.000000,-32.000000,102.000000,79.000000,57.000000, -63479634, -63479633
692.000000,-176.000000,15334.000000,-50.000000,-17.000000,-28.000000,102.000000,77.000000,52.000000, -63479622, -63479622
676.000000,-154.000000,15302.000000,-55.000000,-17.000000,-30.000000,109.000000,77.000000,54.000000, -63479609, -63479608
612.000000,-158.000000,15258.000000,-53.000000,-18.000000,-33.000000,103.000000,85.000000,60.000000, -63479597, -63479596
684.000000,-136.000000,15206.000000,-51.000000,-17.000000,-32.000000,112.000000,78.000000,53.000000, -63479586, -63479585
690.000000,-138.000000,15308.000000,-52.000000,-18.000000,-30.000000,106.000000,77.000000,50.000000, -63479574, -63479573
734.000000,-118.000000,15250.000000,-53.000000,-18.000000,-31.000000,109.000000,79.000000,64.000000, -63479563, -63479562
650.000000,-130.000000,15274.000000,-51.000000,-17.000000,-30.000000,107.000000,83.000000,56.000000, -63479549, -63479548
610.000000,-178.000000,15268.000000,-52.000000,-21.000000,-31.000000,107.000000,83.000000,49.000000, -63479538, -63479537
678.000000,-164.000000,15304.000000,-52.000000,-19.000000,-31.000000,102.000000,82.000000,54.000000, -63479526, -63479525
708.000000,-170.000000,15270.000000,-50.000000,-19.000000,-31.000000,105.000000,76.000000,56.000000, -63479515, -63479514
664.000000,-104.000000,15244.000000,-52.000000,-18.000000,-32.000000,103.000000,80.000000,51.000000, -63479503, -63479502
654.000000,-206.000000,15204.000000,-53.000000,-18.000000,-32.000000,100.000000,75.000000,62.000000, -63479492, -63479491
666.000000,-102.000000,15240.000000,-51.000000,-21.000000,-31.000000,105.000000,83.000000,56.000000, -63479478, -63479477
698.000000,-160.000000,15260.000000,-49.000000,-20.000000,-32.000000,101.000000,83.000000,56.000000, -63479466, -63479466
666.000000,-114.000000,15278.000000,-53.000000,-18.000000,-33.000000,104.000000,77.000000,54.000000, -63479455, -63479454
706.000000,-168.000000,15234.000000,-52.000000,-20.000000,-31.000000,104.000000,82.000000,59.000000, -63479443, -63479443
770.000000,-192.000000,15240.000000,-50.000000,-21.000000,-29.000000,103.000000,78.000000,60.000000, -63479432, -63479431
660.000000,-166.000000,15368.000000,-52.000000,-17.000000,-30.000000,103.000000,76.000000,60.000000, -63479418, -63479418
744.000000,-210.000000,15264.000000,-53.000000,-18.000000,-31.000000,107.000000,80.000000,56.000000, -63479407, -63479406
662.000000,-148.000000,15258.000000,-51.000000,-15.000000,-31.000000,105.000000,80.000000,65.000000, -63479395, -63479394
704.000000,-152.000000,15240.000000,-52.000000,-17.000000,-31.000000,105.000000,71.000000,60.000000, -63479384, -63479383
696.000000,-110.000000,15310.000000,-53.000000,-20.000000,-33.000000,105.000000,69.000000,56.000000, -63479372, -63479371
704.000000,-146.000000,15218.000000,-53.000000,-17.000000,-30.000000,107.000000,78.000000,56.000000, -63479358, -63479358
656.000000,-104.000000,15244.000000,-50.000000,-20.000000,-30.000000,97.000000,77.000000,54.000000, -63479347, -63479346
630.000000,-156.000000,15294.000000,-51.000000,-18.000000,-30.000000,105.000000,80.000000,58.000000, -63479335, -63479335
618.000000,-146.000000,15286.000000,-51.000000,-19.000000,-32.000000,105.000000,78.000000,56.000000, -63479324, -63479323
718.000000,-108.000000,15196.000000,-50.000000,-16.000000,-29.000000,104.000000,82.000000,62.000000, -63479312, -63479312
652.000000,-82.000000,15260.000000,-51.000000,-16.000000,-30.000000,106.000000,73.000000,54.000000, -63479299, -63479298
702.000000,-218.000000,15234.000000,-50.000000,-18.000000,-31.000000,100.000000,88.000000,57.000000, -63479287, -63479286
686.000000,-108.000000,15276.000000,-51.000000,-18.000000,-30.000000,103.000000,78.000000,58.000000, -63479276, -63479275
678.000000,-150.000000,15290.000000,-51.000000,-18.000000,-31.000000,101.000000,78.000000,56.000000, -63479264, -63479263
678.000000,-138.000000,15282.000000,-51.000000,-18.000000,-31.000000,105.000000,74.000000,58.000000, -63479252, -63479252
692.000000,-156.000000,15382.000000,-51.000000,-20.000000,-31.000000,106.000000,79.000000,50.000000, -63479239, -63479238
598.000000,-170.000000,15276.000000,-51.000000,-17.000000,-30.000000,109.000000,79.000000,54.000000, -63479227, -63479227
636.000000,-170.000000,15220.000000,-52.000000,-19.000000,-31.000000,103.000000,78.000000,56.000000, -63479216, -63479215
734.000000,-200.000000,15280.000000,-50.000000,-17.000000,-33.000000,107.000000,80.000000,63.000000, -63479204, -63479204
694.000000,-132.000000,15210.000000,-52.000000,-18.000000,-29.000000,104.000000,77.000000,59.000000, -63479193, -63479192
640.000000,-144.000000,15320.000000,-52.000000,-17.000000,-30.000000,106.000000,75.000000,57.000000, -63479179, -63479178
714.000000,-158.000000,15314.000000,-52.000000,-16.000000,-33.000000,106.000000,82.000000,57.000000, -63479167, -63479167
666.000000,-182.000000,15236.000000,-51.000000,-18.000000,-33.000000,103.000000,83.000000,60.000000, -63479156, -63479155
676.000000,-136.000000,15338.000000,-49.000000,-18.000000,-30.000000,103.000000,74.000000,56.000000, -63479144, -63479143
672.000000,-110.000000,15222.000000,-54.000000,-18.000000,-33.000000,104.000000,82.000000,62.000000, -63479132, -63479132
690.000000,-140.000000,15240.000000,-53.000000,-18.000000,-32.000000,100.000000,84.000000,64.000000, -63479119, -63479118
670.000000,-150.000000,15248.000000,-52.000000,-16.000000,-31.000000,104.000000,79.000000,54.000000, -63479107, -63479106
712.000000,-134.000000,15320.000000,-53.000000,-17.000000,-31.000000,105.000000,78.000000,53.000000, -63479095, -63479095
658.000000,-142.000000,15326.000000,-53.000000,-20.000000,-32.000000,110.000000,80.000000,51.000000, -63479084, -63479083
712.000000,-104.000000,15238.000000,-50.000000,-19.000000,-32.000000,106.000000,75.000000,57.000000, -63479072, -63479072
618.000000,-130.000000,15288.000000,-50.000000,-18.000000,-32.000000,106.000000,77.000000,50.000000, -63479059, -63479058
688.000000,-162.000000,15234.000000,-48.000000,-19.000000,-31.000000,105.000000,80.000000,56.000000, -63479047, -63479046
706.000000,-118.000000,15294.000000,-54.000000,-18.000000,-30.000000,104.000000,82.000000,52.000000, -63479035, -63479034
640.000000,-152.000000,15292.000000,-53.000000,-16.000000,-29.000000,104.000000,70.000000,59.000000, -63479024, -63479023
636.000000,-118.000000,15288.000000,-51.000000,-19.000000,-33.000000,104.000000,79.000000,52.000000, -63479012, -63479011
650.000000,-170.000000,15228.000000,-53.000000,-20.000000,-30.000000,103.000000,76.000000,53.000000, -63478998, -63478997
724.000000,-116.000000,15204.000000,-52.000000,-20.000000,-32.000000,104.000000,79.000000,52.000000, -63478986, -63478985
668.000000,-128.000000,15248.000000,-51.000000,-17.000000,-30.000000,105.000000,74.000000,56.000000, -63478975, -63478974
708.000000,-124.000000,15254.000000,-54.000000,-18.000000,-30.000000,105.000000,80.000000,58.000000, -63478963, -63478962
698.000000,-146.000000,15270.000000,-53.000000,-18.000000,-32.000000,103.000000,80.000000,58.000000, -63478949, -63478948
696.000000,-226.000000,15296.000000,-51.000000,-17.000000,-30.000000,97.000000,84.000000,57.000000, -63478938, -63478937
654.000000,-192.000000,15230.000000,-53.000000,-19.000000,-30.000000,104.000000,86.000000,57.000000, -63478926, -63478925
736.000000,-166.000000,15340.000000,-52.000000,-19.000000,-29.000000,103.000000,78.000000,53.000000, -63478914, -63478913
686.000000,-148.000000,15276.000000,-52.000000,-17.000000,-29.000000,105.000000,78.000000,60.000000, -63478902, -63478902
702.000000,-160.000000,15324.000000,-50.000000,-19.000000,-32.000000,106.000000,82.000000,52.000000, -63478889, -63478888
698.000000,-160.000000,15286.000000,-51.000000,-22.000000,-32.000000,106.000000,77.000000,62.000000, -63478877, -63478876
674.000000,-154.000000,15330.000000,-52.000000,-21.000000,-30.000000,103.000000,80.000000,58.000000, -63478865, -63478864
708.000000,-160.000000,15272.000000,-51.000000,-19.000000,-32.000000,105.000000,74.000000,63.000000, -63478853, -63478853
644.000000,-180.000000,15338.000000,-53.000000,-17.000000,-31.000000,104.000000,77.000000,52.000000, -63478841, -63478841
654.000000,-152.000000,15372.000000,-50.000000,-18.000000,-33.000000,100.000000,88.000000,54.000000, -63478828, -63478827
666.000000,-164.000000,15234.000000,-51.000000,-19.000000,-29.000000,107.000000,85.000000,51.000000, -63478816, -63478815
714.000000,-110.000000,15266.000000,-51.000000,-18.000000,-29.000000,105.000000,78.000000,53.000000, -63478804, -63478803
632.000000,-150.000000,15218.000000,-52.000000,-18.000000,-31.000000,105.000000,78.000000,63.000000, -63478792, -63478792
642.000000,-158.000000,15174.000000,-50.000000,-17.000000,-32.000000,104.000000,77.000000,59.000000, -63478779, -63478778
706.000000,-206.000000,15302.000000,-50.000000,-17.000000,-32.000000,105.000000,78.000000,56.000000, -63478767, -63478766
734.000000,-164.000000,15296.000000,-50.000000,-19.000000,-33.000000,105.000000,80.000000,63.000000, -63478755, -63478755
668.000000,-188.000000,15182.000000,-49.000000,-18.000000,-30.000000,104.000000,79.000000,57.000000, -63478744, -63478743
672.000000,-138.000000,15244.000000,-53.000000,-17.000000,-31.000000,109.000000,77.000000,54.000000, -63478732, -63478731
680.000000,-98.000000,15282.000000,-50.000000,-17.000000,-29.000000,97.000000,82.000000,57.000000, -63478718, -63478718
712.000000,-172.000000,15282.000000,-52.000000,-20.000000,-31.000000,101.000000,80.000000,60.000000, -63478707, -63478706
664.000000,-174.000000,15238.000000,-51.000000,-19.000000,-29.000000,101.000000,80.000000,56.000000, -63478695, -63478695
770.000000,-162.000000,15260.000000,-55.000000,-18.000000,-30.000000,101.000000,74.000000,58.000000, -63478684, -63478683
656.000000,-158.000000,15204.000000,-53.000000,-18.000000,-31.000000,105.000000,80.000000,58.000000, -63478672, -63478671
682.000000,-164.000000,15326.000000,-51.000000,-19.000000,-30.000000,101.000000,78.000000,58.000000, -63478659, -63478658
624.000000,-158.000000,15266.000000,-53.000000,-15.000000,-27.000000,103.000000,80.000000,56.000000, -63478647, -63478646
634.000000,-160.000000,15266.000000,-54.000000,-17.000000,-31.000000,103.000000,78.000000,60.000000, -63478635, -63478635
652.000000,-184.000000,15362.000000,-50.000000,-18.000000,-34.000000,106.000000,79.000000,64.000000, -63478624, -63478623
682.000000,-178.000000,15222.000000,-52.000000,-17.000000,-32.000000,102.000000,77.000000,59.000000, -63478612, -63478612
686.000000,-176.000000,15278.000000,-51.000000,-16.000000,-32.000000,107.000000,83.000000,60.000000, -63478599, -63478598
684.000000,-124.000000,15370.000000,-52.000000,-18.000000,-33.000000,109.000000,84.000000,57.000000, -63478587, -63478586
676.000000,-178.000000,15202.000000,-51.000000,-19.000000,-30.000000,109.000000,79.000000,59.000000, -63478576, -63478575
702.000000,-120.000000,15298.000000,-52.000000,-23.000000,-32.000000,106.000000,82.000000,62.000000, -63478564, -63478563
628.000000,-118.000000,15282.000000,-49.000000,-18.000000,-30.000000,110.000000,83.000000,58.000000, -63478552, -63478552
760.000000,-152.000000,15294.000000,-53.000000,-18.000000,-32.000000,103.000000,78.000000,60.000000, -63478539, -63478538
706.000000,-170.000000,15260.000000,-52.000000,-17.000000,-32.000000,105.000000,80.000000,53.000000, -63478527, -63478526
634.000000,-124.000000,15292.000000,-52.000000,-18.000000,-30.000000,103.000000,80.000000,60.000000, -63478516, -63478515
672.000000,-204.000000,15224.000000,-51.000000,-16.000000,-32.000000,107.000000,76.000000,58.000000, -63478504, -63478503
646.000000,-158.000000,15190.000000,-52.000000,-19.000000,-29.000000,101.000000,74.000000,58.000000, -63478492, -63478492
650.000000,-126.000000,15320.000000,-49.000000,-21.000000,-28.000000,102.000000,75.000000,52.000000, -63478479, -63478478
682.000000,-128.000000,15286.000000,-50.000000,-19.000000,-32.000000,103.000000,87.000000,58.000000, -63478467, -63478466
690.000000,-144.000000,15326.000000,-53.000000,-19.000000,-29.000000,101.000000,76.000000,53.000000, -63478456, -63478455
674.000000,-182.000000,15336.000000,-53.000000,-20.000000,-30.000000,109.000000,79.000000,52.000000, -63478444, -63478443
718.000000,-156.000000,15272.000000,-51.000000,-17.000000,-31.000000,111.000000,73.000000,54.000000, -63478433, -63478432
676.000000,-178.000000,15274.000000,-53.000000,-18.000000,-32.000000,104.000000,79.000000,54.000000, -63478419, -63478418
702.000000,-138.000000,15274.000000,-53.000000,-19.000000,-31.000000,106.000000,86.000000,54.000000, -63478408, -63478407
734.000000,-164.000000,15198.000000,-51.000000,-17.000000,-31.000000,109.000000,75.000000,50.000000, -63478396, -63478395
690.000000,-156.000000,15308.000000,-51.000000,-17.000000,-30.000000,107.000000,80.000000,60.000000, -63478384, -63478384
666.000000,-162.000000,15204.000000,-52.000000,-18.000000,-32.000000,101.000000,78.000000,56.000000, -63478373, -63478372
692.000000,-160.000000,15264.000000,-51.000000,-17.000000,-28.000000,103.000000,83.000000,53.000000, -63478359, -63478358
622.000000,-170.000000,15352.000000,-51.000000,-19.000000,-31.000000,106.000000,79.000000,59.000000, -63478347, -63478346
718.000000,-110.000000,15236.000000,-51.000000,-17.000000,-32.000000,101.000000,80.000000,56.000000, -63478335, -63478335
704.000000,-158.000000,15328.000000,-49.000000,-20.000000,-31.000000,106.000000,79.000000,59.000000, -63478324, -63478323
624.000000,-94.000000,15250.000000,-51.000000,-18.000000,-32.000000,111.000000,75.000000,57.000000, -63478312, -63478311
622.000000,-144.000000,15288.000000,-51.000000,-19.000000,-32.000000,106.000000,79.000000,52.000000, -63478298, -63478297
700.000000,-230.000000,15376.000000,-51.000000,-18.000000,-30.000000,112.000000,85.000000,51.000000, -63478286, -63478286
672.000000,-132.000000,15336.000000,-52.000000,-18.000000,-32.000000,105.000000,78.000000,56.000000, -63478275, -63478274
698.000000,-144.000000,15274.000000,-52.000000,-19.000000,-32.000000,106.000000,82.000000,54.000000, -63478263, -63478262
662.000000,-156.000000,15242.000000,-51.000000,-21.000000,-29.000000,103.000000,74.000000,53.000000, -63478249, -63478249
716.000000,-162.000000,15308.000000,-52.000000,-18.000000,-30.000000,97.000000,75.000000,47.000000, -63478238, -63478237
678.000000,-114.000000,15290.000000,-49.000000,-18.000000,-31.000000,102.000000,84.000000,50.000000, -63478226, -63478225
708.000000,-132.000000,15292.000000,-53.000000,-16.000000,-30.000000,100.000000,77.000000,57.000000, -63478214, -63478214
626.000000,-150.000000,15326.000000,-53.000000,-17.000000,-31.000000,103.000000,74.000000,53.000000, -63478203, -63478202
666.000000,-196.000000,15320.000000,-49.000000,-17.000000,-27.000000,105.000000,78.000000,51.000000, -63478189, -63478188
676.000000,-152.000000,15240.000000,-50.000000,-19.000000,-29.000000,105.000000,83.000000,56.000000, -63478177, -63478177
696.000000,-182.000000,15268.000000,-51.000000,-18.000000,-29.000000,107.000000,78.000000,56.000000, -63478166, -63478165
720.000000,-168.000000,15262.000000,-50.000000,-17.000000,-31.000000,104.000000,73.000000,54.000000, -63478154, -63478153
710.000000,-206.000000,15282.000000,-51.000000,-19.000000,-31.000000,106.000000,75.000000,59.000000, -63478143, -63478142
712.000000,-194.000000,15324.000000,-53.000000,-18.000000,-31.000000,101.000000,78.000000,58.000000, -63478129, -63478128
640.000000,-150.000000,15296.000000,-53.000000,-20.000000,-30.000000,106.000000,88.000000,54.000000, -63478117, -63478117
726.000000,-174.000000,15258.000000,-51.000000,-18.000000,-32.000000,101.000000,80.000000,56.000000, -63478106, -63478105
670.000000,-164.000000,15282.000000,-52.000000,-19.000000,-30.000000,105.000000,80.000000,60.000000, -63478094, -63478093
636.000000,-176.000000,15246.000000,-50.000000,-19.000000,-32.000000,112.000000,76.000000,63.000000, -63478082, -63478082
670.000000,-124.000000,15328.000000,-53.000000,-18.000000,-32.000000,105.000000,80.000000,60.000000, -63478069, -63478068
654.000000,-154.000000,15356.000000,-48.000000,-15.000000,-31.000000,98.000000,78.000000,58.000000, -63478057, -63478056
674.000000,-166.000000,15246.000000,-53.000000,-17.000000,-30.000000,109.000000,79.000000,57.000000, -63478046, -63478045
684.000000,-130.000000,15268.000000,-51.000000,-19.000000,-31.000000,110.000000,76.000000,58.000000, -63478034, -63478033
736.000000,-108.000000,15318.000000,-51.000000,-18.000000,-31.000000,102.000000,82.000000,62.000000, -63478023, -63478022
724.000000,-152.000000,15328.000000,-52.000000,-17.000000,-31.000000,104.000000,84.000000,54.000000, -63478009, -63478008
706.000000,-134.000000,15292.000000,-51.000000,-18.000000,-30.000000,104.000000,79.000000,57.000000, -63477997, -63477997
734.000000,-180.000000,15402.000000,-53.000000,-19.000000,-33.000000,103.000000,80.000000,56.000000, -63477986, -63477985
684.000000,-154.000000,15342.000000,-52.000000,-20.000000,-32.000000,104.000000,79.000000,57.000000, -63477974, -63477974
692.000000,-178.000000,15280.000000,-50.000000,-19.000000,-30.000000,103.000000,78.000000,60.000000, -63477963, -63477962
636.000000,-136.000000,15322.000000,-51.000000,-19.000000,-31.000000,102.000000,79.000000,59.000000, -63477950, -63477949
652.000000,-114.000000,15340.000000,-52.000000,-19.000000,-33.000000,102.000000,84.000000,59.000000, -63477938, -63477938
680.000000,-108.000000,15178.000000,-51.000000,-18.000000,-30.000000,101.000000,80.000000,60.000000, -63477927, -63477926
712.000000,-154.000000,15240.000000,-52.000000,-21.000000,-32.000000,106.000000,75.000000,59.000000, -63477915, -63477914
650.000000,-180.000000,15288.000000,-51.000000,-18.000000,-33.000000,101.000000,80.000000,56.000000, -63477904, -63477903
708.000000,-130.000000,15300.000000,-52.000000,-18.000000,-30.000000,110.000000,74.000000,56.000000, -63477892, -63477892
688.000000,-134.000000,15258.000000,-51.000000,-18.000000,-29.000000,96.000000,80.000000,58.000000, -63477879, -63477878
734.000000,-134.000000,15244.000000,-52.000000,-19.000000,-34.000000,103.000000,83.000000,63.000000, -63477867, -63477866
700.000000,-174.000000,15298.000000,-48.000000,-18.000000,-31.000000,106.000000,79.000000,62.000000, -63477856, -63477855
706.000000,-180.000000,15266.000000,-53.000000,-19.000000,-30.000000,106.000000,77.000000,62.000000, -63477844, -63477843
626.000000,-132.000000,15336.000000,-51.000000,-20.000000,-32.000000,102.000000,82.000000,59.000000, -63477832, -63477831
694.000000,-140.000000,15290.000000,-50.000000,-18.000000,-30.000000,101.000000,74.000000,60.000000, -63477819, -63477818
706.000000,-138.000000,15266.000000,-51.000000,-19.000000,-32.000000,106.000000,82.000000,54.000000, -63477807, -63477806
656.000000,-134.000000,15292.000000,-52.000000,-18.000000,-32.000000,101.000000,83.000000,56.000000, -63477795, -63477795
610.000000,-192.000000,15266.000000,-51.000000,-19.000000,-29.000000,104.000000,79.000000,52.000000, -63477784, -63477783
658.000000,-156.000000,15208.000000,-52.000000,-19.000000,-29.000000,102.000000,82.000000,54.000000, -63477772, -63477771
660.000000,-148.000000,15184.000000,-53.000000,-17.000000,-30.000000,107.000000,83.000000,56.000000, -63477759, -63477758
670.000000,-166.000000,15298.000000,-53.000000,-19.000000,-32.000000,105.000000,76.000000,46.000000, -63477747, -63477746
702.000000,-130.000000,15268.000000,-51.000000,-20.000000,-31.000000,103.000000,76.000000,53.000000, -63477735, -63477735
668.000000,-126.000000,15182.000000,-53.000000,-19.000000,-30.000000,101.000000,78.000000,56.000000, -63477724, -63477723
668.000000,-124.000000,15248.000000,-49.000000,-18.000000,-32.000000,103.000000,76.000000,56.000000, -63477712, -63477712
738.000000,-144.000000,15256.000000,-51.000000,-18.000000,-30.000000,95.000000,86.000000,54.000000, -63477699, -63477698
706.000000,-152.000000,15322.000000,-51.000000,-17.000000,-31.000000,110.000000,78.000000,60.000000, -63477687, -63477687
694.000000,-188.000000,15380.000000,-51.000000,-22.000000,-31.000000,102.000000,77.000000,47.000000, -63477676, -63477675
672.000000,-172.000000,15248.000000,-51.000000,-17.000000,-31.000000,102.000000,75.000000,52.000000, -63477664, -63477663
632.000000,-154.000000,15312.000000,-51.000000,-17.000000,-30.000000,104.000000,75.000000,59.000000, -63477652, -63477651
634.000000,-144.000000,15282.000000,-53.000000,-19.000000,-28.000000,107.000000,78.000000,51.000000, -63477638, -63477638
672.000000,-146.000000,15366.000000,-50.000000,-20.000000,-31.000000,101.000000,85.000000,58.000000, -63477627, -63477626
692.000000,-194.000000,15320.000000,-49.000000,-20.000000,-32.000000,102.000000,82.000000,52.000000, -63477615, -63477615
738.000000,-144.000000,15188.000000,-54.000000,-18.000000,-32.000000,107.000000,76.000000,53.000000, -63477604, -63477603
682.000000,-194.000000,15274.000000,-52.000000,-21.000000,-30.000000,106.000000,84.000000,57.000000, -63477590, -63477589
680.000000,-116.000000,15388.000000,-49.000000,-19.000000,-29.000000,102.000000,82.000000,59.000000, -63477578, -63477577
674.000000,-142.000000,15300.000000,-51.000000,-18.000000,-31.000000,110.000000,80.000000,49.000000, -63477567, -63477566
712.000000,-126.000000,15224.000000,-49.000000,-16.000000,-32.000000,104.000000,77.000000,59.000000, -63477555, -63477554
704.000000,-170.000000,15358.000000,-50.000000,-19.000000,-32.000000,106.000000,75.000000,54.000000, -63477543, -63477542
696.000000,-130.000000,15340.000000,-49.000000,-18.000000,-30.000000,103.000000,83.000000,46.000000, -63477530, -63477529
658.000000,-148.000000,15338.000000,-52.000000,-16.000000,-28.000000,110.000000,76.000000,58.000000, -63477518, -63477517
684.000000,-196.000000,15262.000000,-53.000000,-16.000000,-31.000000,103.000000,78.000000,58.000000, -63477507, -63477506
658.000000,-142.000000,15320.000000,-54.000000,-19.000000,-30.000000,102.000000,77.000000,54.000000, -63477495, -63477494
614.000000,-130.000000,15222.000000,-51.000000,-19.000000,-31.000000,106.000000,77.000000,59.000000, -63477483, -63477482
674.000000,-152.000000,15370.000000,-51.000000,-21.000000,-30.000000,100.000000,82.000000,59.000000, -63477469, -63477469
670.000000,-202.000000,15308.000000,-50.000000,-18.000000,-33.000000,107.000000,80.000000,58.000000, -63477458, -63477457
670.000000,-184.000000,15238.000000,-52.000000,-19.000000,-29.000000,111.000000,79.000000,57.000000, -63477446, -63477446
678.000000,-152.000000,15276.000000,-50.000000,-17.000000,-30.000000,105.000000,78.000000,56.000000, -63477434, -63477434
676.000000,-194.000000,15244.000000,-53.000000,-20.000000,-35.000000,109.000000,77.000000,64.000000, -63477422, -63477422
688.000000,-132.000000,15328.000000,-50.000000,-18.000000,-29.000000,101.000000,80.000000,60.000000, -63477409, -63477408
676.000000,-170.000000,15266.000000,-52.000000,-19.000000,-29.000000,106.000000,82.000000,54.000000, -63477397, -63477396
658.000000,-164.000000,15334.000000,-50.000000,-20.000000,-31.000000,102.000000,77.000000,52.000000, -63477386, -63477385
622.000000,-126.000000,15264.000000,-52.000000,-16.000000,-31.000000,102.000000,75.000000,59.000000, -63477374, -63477373
614.000000,-130.000000,15194.000000,-53.000000,-18.000000,-31.000000,103.000000,80.000000,58.000000, -63477363, -63477362
692.000000,-114.000000,15242.000000,-52.000000,-18.000000,-30.000000,103.000000,83.000000,56.000000, -63477349, -63477348
716.000000,-200.000000,15320.000000,-52.000000,-18.000000,-33.000000,103.000000,83.000000,49.000000, -63477337, -63477337
704.000000,-106.000000,15432.000000,-51.000000,-18.000000,-31.000000,104.000000,77.000000,57.000000, -63477326, -63477325
672.000000,-128.000000,15352.000000,-53.000000,-20.000000,-30.000000,104.000000,79.000000,59.000000, -63477314, -63477314
662.000000,-188.000000,15288.000000,-52.000000,-18.000000,-31.000000,104.000000,84.000000,64.000000, -63477303, -63477302
690.000000,-180.000000,15234.000000,-53.000000,-20.000000,-29.000000,109.000000,82.000000,59.000000, -63477289, -63477288
690.000000,-136.000000,15306.000000,-50.000000,-19.000000,-29.000000,103.000000,78.000000,58.000000, -63477277, -63477277
678.000000,-158.000000,15190.000000,-52.000000,-17.000000,-32.000000,104.000000,79.000000,57.000000, -63477266, -63477265
684.000000,-138.000000,15314.000000,-51.000000,-20.000000,-29.000000,107.000000,76.000000,58.000000, -63477254, -63477253
666.000000,-158.000000,15198.000000,-49.000000,-17.000000,-33.000000,105.000000,78.000000,58.000000, -63477243, -63477242
720.000000,-154.000000,15264.000000,-50.000000,-19.000000,-29.000000,102.000000,77.000000,54.000000, -63477229, -63477228
712.000000,-104.000000,15274.000000,-51.000000,-18.000000,-32.000000,105.000000,78.000000,56.000000, -63477217, -63477216
642.000000,-186.000000,15298.000000,-54.000000,-21.000000,-29.000000,103.000000,78.000000,53.000000, -63477206, -63477205
746.000000,-186.000000,15290.000000,-50.000000,-19.000000,-32.000000,107.000000,74.000000,60.000000, -63477194, -63477193
704.000000,-194.000000,15342.000000,-51.000000,-21.000000,-29.000000,105.000000,80.000000,51.000000, -63477182, -63477182
724.000000,-144.000000,15272.000000,-51.000000,-17.000000,-31.000000,104.000000,79.000000,54.000000, -63477169, -63477168
626.000000,-112.000000,15278.000000,-51.000000,-19.000000,-29.000000,103.000000,80.000000,53.000000, -63477157, -63477156
650.000000,-214.000000,15288.000000,-48.000000,-18.000000,-33.000000,103.000000,87.000000,63.000000, -63477145, -63477145
646.000000,-178.000000,15278.000000,-49.000000,-21.000000,-30.000000,103.000000,76.000000,58.000000, -63477134, -63477133
650.000000,-86.000000,15364.000000,-51.000000,-15.000000,-32.000000,106.000000,84.000000,66.000000, -63477122, -63477121
690.000000,-138.000000,15274.000000,-51.000000,-19.000000,-33.000000,106.000000,84.000000,50.000000, -63477109, -63477108
674.000000,-190.000000,15360.000000,-51.000000,-16.000000,-30.000000,104.000000,82.000000,57.000000, -63477097, -63477096
624.000000,-162.000000,15310.000000,-51.000000,-18.000000,-28.000000,107.000000,78.000000,56.000000, -63477085, -63477084
724.000000,-168.000000,15312.000000,-51.000000,-16.000000,-31.000000,105.000000,80.000000,56.000000, -63477073, -63477073
706.000000,-148.000000,15300.000000,-52.000000,-18.000000,-32.000000,96.000000,78.000000,58.000000, -63477060, -63477059
658.000000,-114.000000,15342.000000,-50.000000,-18.000000,-29.000000,109.000000,86.000000,54.000000, -63477048, -63477047
666.000000,-200.000000,15266.000000,-50.000000,-17.000000,-31.000000,105.000000,80.000000,51.000000, -63477036, -63477036
652.000000,-182.000000,15350.000000,-52.000000,-22.000000,-33.000000,103.000000,80.000000,60.000000, -63477025, -63477024
654.000000,-212.000000,15336.000000,-51.000000,-17.000000,-30.000000,100.000000,77.000000,59.000000, -63477013, -63477012
610.000000,-130.000000,15234.000000,-52.000000,-17.000000,-31.000000,104.000000,79.000000,54.000000, -63477000, -63476999
702.000000,-148.000000,15298.000000,-49.000000,-19.000000,-30.000000,100.000000,82.000000,50.000000, -63476988, -63476987
686.000000,-148.000000,15268.000000,-49.000000,-20.000000,-33.000000,104.000000,75.000000,52.000000, -63476976, -63476976
686.000000,-172.000000,15264.000000,-51.000000,-18.000000,-30.000000,97.000000,86.000000,52.000000, -63476965, -63476964
682.000000,-146.000000,15314.000000,-49.000000,-20.000000,-30.000000,106.000000,77.000000,59.000000, -63476953, -63476953
662.000000,-218.000000,15310.000000,-49.000000,-20.000000,-31.000000,101.000000,76.000000,56.000000, -63476940, -63476939
730.000000,-130.000000,15296.000000,-49.000000,-15.000000,-31.000000,107.000000,80.000000,53.000000, -63476928, -63476927
630.000000,-156.000000,15202.000000,-51.000000,-17.000000,-30.000000,104.000000,77.000000,52.000000, -63476916, -63476915
668.000000,-54.000000,15324.000000,-51.000000,-19.000000,-31.000000,104.000000,82.000000,57.000000, -63476905, -63476904
648.000000,-198.000000,15236.000000,-51.000000,-17.000000,-31.000000,101.000000,76.000000,60.000000, -63476893, -63476892
646.000000,-162.000000,15336.000000,-54.000000,-21.000000,-30.000000,106.000000,82.000000,57.000000, -63476879, -63476878
678.000000,-186.000000,15326.000000,-50.000000,-17.000000,-31.000000,113.000000,77.000000,57.000000, -63476867, -63476867
648.000000,-126.000000,15216.000000,-52.000000,-20.000000,-31.000000,104.000000,82.000000,52.000000, -63476856, -63476855
678.000000,-128.000000,15318.000000,-50.000000,-20.000000,-29.000000,102.000000,75.000000,62.000000, -63476844, -63476843
642.000000,-168.000000,15310.000000,-49.000000,-18.000000,-30.000000,105.000000,83.000000,63.000000, -63476832, -63476832
694.000000,-124.000000,15310.000000,-51.000000,-17.000000,-31.000000,107.000000,80.000000,60.000000, -63476819, -63476818
688.000000,-98.000000,15270.000000,-51.000000,-17.000000,-30.000000,101.000000,78.000000,53.000000, -63476807, -63476806
656.000000,-134.000000,15244.000000,-52.000000,-18.000000,-28.000000,106.000000,77.000000,64.000000, -63476796, -63476795
674.000000,-158.000000,15382.000000,-50.000000,-20.000000,-33.000000,111.000000,75.000000,62.000000, -63476784, -63476783
710.000000,-96.000000,15226.000000,-52.000000,-17.000000,-31.000000,113.000000,77.000000,54.000000, -63476770, -63476769
654.000000,-188.000000,15336.000000,-51.000000,-20.000000,-29.000000,103.000000,83.000000,51.000000, -63476758, -63476758
730.000000,-148.000000,15396.000000,-51.000000,-21.000000,-28.000000,101.000000,76.000000,60.000000, -63476747, -63476746
654.000000,-112.000000,15350.000000,-53.000000,-20.000000,-33.000000,104.000000,77.000000,54.000000, -63476735, -63476734
682.000000,-172.000000,15250.000000,-50.000000,-18.000000,-31.000000,105.000000,80.000000,60.000000, -63476723, -63476723
640.000000,-144.000000,15276.000000,-55.000000,-18.000000,-31.000000,106.000000,77.000000,59.000000, -63476710, -63476709
698.000000,-198.000000,15258.000000,-50.000000,-20.000000,-30.000000,109.000000,82.000000,54.000000, -63476698, -63476698
686.000000,-142.000000,15152.000000,-52.000000,-21.000000,-32.000000,102.000000,82.000000,54.000000, -63476687, -63476686
676.000000,-110.000000,15208.000000,-53.000000,-18.000000,-30.000000,98.000000,78.000000,56.000000, -63476675, -63476674
722.000000,-176.000000,15286.000000,-53.000000,-21.000000,-31.000000,104.000000,79.000000,57.000000, -63476664, -63476663
716.000000,-168.000000,15324.000000,-51.000000,-19.000000,-30.000000,102.000000,82.000000,57.000000, -63476652, -63476652
646.000000,-130.000000,15362.000000,-50.000000,-16.000000,-31.000000,105.000000,85.000000,60.000000, -63476639, -63476638
700.000000,-198.000000,15342.000000,-51.000000,-16.000000,-30.000000,102.000000,82.000000,57.000000, -63476627, -63476626
640.000000,-152.000000,15284.000000,-51.000000,-17.000000,-29.000000,101.000000,76.000000,58.000000, -63476615, -63476615
656.000000,-178.000000,15304.000000,-52.000000,-16.000000,-31.000000,106.000000,79.000000,57.000000, -63476604, -63476603
680.000000,-112.000000,15236.000000,-52.000000,-19.000000,-29.000000,105.000000,78.000000,60.000000, -63476592, -63476592
676.000000,-164.000000,15240.000000,-53.000000,-18.000000,-30.000000,103.000000,83.000000,56.000000, -63476579, -63476578
660.000000,-176.000000,15340.000000,-53.000000,-20.000000,-31.000000,111.000000,82.000000,54.000000, -63476567, -63476566
700.000000,-146.000000,15284.000000,-54.000000,-18.000000,-32.000000,101.000000,78.000000,53.000000, -63476555, -63476555
710.000000,-162.000000,15320.000000,-51.000000,-18.000000,-31.000000,102.000000,75.000000,52.000000, -63476544, -63476543
624.000000,-212.000000,15358.000000,-53.000000,-18.000000,-30.000000,109.000000,77.000000,57.000000, -63476532, -63476532
618.000000,-90.000000,15284.000000,-52.000000,-19.000000,-32.000000,104.000000,79.000000,59.000000, -63476519, -63476518
666.000000,-212.000000,15352.000000,-50.000000,-17.000000,-29.000000,107.000000,80.000000,56.000000, -63476507, -63476507
624.000000,-140.000000,15202.000000,-52.000000,-18.000000,-32.000000,104.000000,82.000000,54.000000, -63476496, -63476495
720.000000,-168.000000,15288.000000,-51.000000,-19.000000,-30.000000,106.000000,82.000000,54.000000, -63476484, -63476483
648.000000,-164.000000,15236.000000,-54.000000,-20.000000,-31.000000,107.000000,78.000000,58.000000, -63476472, -63476472
716.000000,-192.000000,15202.000000,-51.000000,-19.000000,-30.000000,101.000000,83.000000,56.000000, -63476459, -63476458
702.000000,-104.000000,15368.000000,-52.000000,-18.000000,-31.000000,102.000000,79.000000,57.000000, -63476447, -63476446
698.000000,-124.000000,15246.000000,-51.000000,-18.000000,-29.000000,104.000000,79.000000,54.000000, -63476436, -63476435
702.000000,-160.000000,15204.000000,-51.000000,-19.000000,-31.000000,106.000000,79.000000,54.000000, -63476424, -63476423
682.000000,-174.000000,15298.000000,-51.000000,-18.000000,-31.000000,104.000000,79.000000,54.000000, -63476412, -63476411
708.000000,-142.000000,15300.000000,-51.000000,-19.000000,-30.000000,103.000000,78.000000,53.000000, -63476398, -63476398
706.000000,-190.000000,15316.000000,-51.000000,-15.000000,-29.000000,104.000000,79.000000,57.000000, -63476387, -63476386
658.000000,-132.000000,15264.000000,-52.000000,-18.000000,-31.000000,107.000000,80.000000,51.000000, -63476375, -63476374
678.000000,-140.000000,15332.000000,-51.000000,-18.000000,-31.000000,102.000000,75.000000,52.000000, -63476363, -63476362
714.000000,-110.000000,15268.000000,-52.000000,-19.000000,-29.000000,109.000000,77.000000,50.000000, -63476349, -63476348
668.000000,-170.000000,15316.000000,-53.000000,-18.000000,-29.000000,104.000000,77.000000,54.000000, -63476337, -63476337
684.000000,-104.000000,15256.000000,-52.000000,-19.000000,-31.000000,106.000000,82.000000,54.000000, -63476326, -63476325
684.000000,-122.000000,15308.000000,-52.000000,-17.000000,-30.000000,106.000000,73.000000,57.000000, -63476314, -63476313
664.000000,-174.000000,15340.000000,-52.000000,-17.000000,-31.000000,104.000000,82.000000,54.000000, -63476302, -63476302
700.000000,-100.000000,15308.000000,-51.000000,-17.000000,-31.000000,102.000000,82.000000,52.000000, -63476289, -63476288
656.000000,-168.000000,15270.000000,-52.000000,-18.000000,-29.000000,103.000000,80.000000,58.000000, -63476277, -63476276
722.000000,-134.000000,15380.000000,-50.000000,-17.000000,-29.000000,102.000000,79.000000,47.000000, -63476265, -63476264
666.000000,-178.000000,15252.000000,-52.000000,-19.000000,-31.000000,105.000000,78.000000,56.000000, -63476253, -63476252
722.000000,-150.000000,15302.000000,-53.000000,-18.000000,-31.000000,102.000000,82.000000,59.000000, -63476239, -63476238
744.000000,-158.000000,15226.000000,-51.000000,-17.000000,-32.000000,110.000000,80.000000,60.000000, -63476227, -63476226
668.000000,-102.000000,15344.000000,-52.000000,-20.000000,-29.000000,106.000000,82.000000,62.000000, -63476215, -63476215
680.000000,-150.000000,15248.000000,-52.000000,-18.000000,-32.000000,104.000000,75.000000,59.000000, -63476204, -63476203
714.000000,-168.000000,15216.000000,-50.000000,-18.000000,-32.000000,100.000000,77.000000,54.000000, -63476190, -63476189
698.000000,-144.000000,15316.000000,-51.000000,-19.000000,-31.000000,104.000000,77.000000,62.000000, -63476179, -63476178
666.000000,-176.000000,15284.000000,-50.000000,-16.000000,-32.000000,104.000000,79.000000,54.000000, -63476167, -63476166
656.000000,-144.000000,15320.000000,-51.000000,-16.000000,-32.000000,107.000000,76.000000,53.000000, -63476155, -63476155
656.000000,-164.000000,15286.000000,-52.000000,-18.000000,-29.000000,105.000000,76.000000,68.000000, -63476144, -63476143
744.000000,-112.000000,15396.000000,-53.000000,-19.000000,-28.000000,105.000000,74.000000,58.000000, -63476130, -63476129
740.000000,-128.000000,15256.000000,-52.000000,-19.000000,-32.000000,106.000000,79.000000,54.000000, -63476118, -63476117
690.000000,-186.000000,15240.000000,-53.000000,-17.000000,-33.000000,109.000000,75.000000,59.000000, -63476107, -63476106
624.000000,-154.000000,15364.000000,-51.000000,-19.000000,-30.000000,105.000000,80.000000,56.000000, -63476095, -63476094
700.000000,-104.000000,15276.000000,-52.000000,-19.000000,-31.000000,102.000000,77.000000,59.000000, -63476083, -63476083
666.000000,-154.000000,15316.000000,-50.000000,-20.000000,-31.000000,106.000000,77.000000,62.000000, -63476070, -63476069
668.000000,-82.000000,15260.000000,-51.000000,-19.000000,-31.000000,102.000000,82.000000,64.000000, -63476058, -63476057
628.000000,-164.000000,15288.000000,-50.000000,-18.000000,-32.000000,101.000000,83.000000,58.000000, -63476046, -63476045
692.000000,-158.000000,15266.000000,-51.000000,-18.000000,-29.000000,110.000000,83.000000,63.000000, -63476034, -63476034
690.000000,-120.000000,15402.000000,-49.000000,-21.000000,-29.000000,105.000000,78.000000,58.000000, -63476022, -63476022
682.000000,-136.000000,15266.000000,-50.000000,-18.000000,-28.000000,102.000000,84.000000,54.000000, -63476009, -63476008
688.000000,-112.000000,15340.000000,-53.000000,-20.000000,-31.000000,105.000000,83.000000,63.000000, -63475997, -63475996
688.000000,-182.000000,15334.000000,-50.000000,-18.000000,-30.000000,105.000000,83.000000,56.000000, -63475986, -63475985
730.000000,-170.000000,15286.000000,-52.000000,-17.000000,-31.000000,105.000000,90.000000,60.000000, -63475974, -63475973
728.000000,-178.000000,15258.000000,-50.000000,-21.000000,-32.000000,110.000000,74.000000,58.000000, -63475963, -63475962
678.000000,-156.000000,15344.000000,-51.000000,-17.000000,-30.000000,103.000000,83.000000,58.000000, -63475949, -63475948
704.000000,-170.000000,15364.000000,-52.000000,-17.000000,-29.000000,107.000000,78.000000,56.000000, -63475937, -63475937
652.000000,-152.000000,15326.000000,-53.000000,-16.000000,-31.000000,111.000000,79.000000,54.000000, -63475926, -63475925
666.000000,-110.000000,15270.000000,-51.000000,-19.000000,-32.000000,100.000000,77.000000,59.000000, -63475914, -63475913
648.000000,-176.000000,15230.000000,-54.000000,-21.000000,-30.000000,106.000000,75.000000,52.000000, -63475903, -63475902
654.000000,-152.000000,15250.000000,-52.000000,-20.000000,-29.000000,107.000000,74.000000,53.000000, -63475889, -63475888
692.000000,-148.000000,15262.000000,-50.000000,-19.000000,-30.000000,105.000000,80.000000,56.000000, -63475877, -63475877
622.000000,-196.000000,15240.000000,-51.000000,-20.000000,-32.000000,97.000000,79.000000,52.000000, -63475866, -63475865
690.000000,-176.000000,15398.000000,-49.000000,-20.000000,-30.000000,103.000000,80.000000,58.000000, -63475854, -63475854
684.000000,-190.000000,15350.000000,-52.000000,-19.000000,-31.000000,104.000000,75.000000,54.000000, -63475840, -63475839
734.000000,-162.000000,15290.000000,-51.000000,-19.000000,-30.000000,102.000000,79.000000,57.000000, -63475828, -63475828
700.000000,-200.000000,15238.000000,-51.000000,-21.000000,-29.000000,104.000000,86.000000,54.000000, -63475817, -63475816
698.000000,-170.000000,15308.000000,-51.000000,-20.000000,-31.000000,103.000000,76.000000,53.000000, -63475805, -63475804
674.000000,-146.000000,15282.000000,-53.000000,-17.000000,-32.000000,100.000000,82.000000,52.000000, -63475793, -63475793
694.000000,-186.000000,15324.000000,-50.000000,-18.000000,-31.000000,106.000000,82.000000,52.000000, -63475780, -63475779
644.000000,-166.000000,15318.000000,-53.000000,-17.000000,-29.000000,110.000000,83.000000,56.000000, -63475768, -63475767
682.000000,-80.000000,15272.000000,-51.000000,-17.000000,-32.000000,110.000000,87.000000,53.000000, -63475756, -63475756
612.000000,-162.000000,15346.000000,-52.000000,-22.000000,-31.000000,105.000000,85.000000,53.000000, -63475745, -63475744
682.000000,-100.000000,15342.000000,-51.000000,-19.000000,-31.000000,107.000000,78.000000,58.000000, -63475733, -63475732
760.000000,-188.000000,15306.000000,-52.000000,-21.000000,-29.000000,110.000000,83.000000,56.000000, -63475719, -63475719
738.000000,-128.000000,15274.000000,-52.000000,-19.000000,-30.000000,105.000000,78.000000,60.000000, -63475708, -63475707
708.000000,-160.000000,15386.000000,-52.000000,-19.000000,-30.000000,103.000000,83.000000,56.000000, -63475696, -63475696
704.000000,-96.000000,15256.000000,-54.000000,-17.000000,-31.000000,105.000000,83.000000,51.000000, -63475684, -63475684
650.000000,-184.000000,15312.000000,-52.000000,-19.000000,-32.000000,104.000000,73.000000,57.000000, -63475673, -63475672
702.000000,-110.000000,15298.000000,-50.000000,-18.000000,-29.000000,103.000000,80.000000,53.000000, -63475659, -63475658
656.000000,-152.000000,15204.000000,-50.000000,-20.000000,-29.000000,105.000000,83.000000,53.000000, -63475647, -63475647
642.000000,-190.000000,15310.000000,-50.000000,-20.000000,-29.000000,102.000000,82.000000,54.000000, -63475636, -63475635
650.000000,-100.000000,15316.000000,-50.000000,-16.000000,-30.000000,109.000000,73.000000,54.000000, -63475624, -63475623
698.000000,-140.000000,15272.000000,-52.000000,-21.000000,-32.000000,105.000000,80.000000,56.000000, -63475610, -63475610
704.000000,-142.000000,15368.000000,-53.000000,-18.000000,-28.000000,98.000000,80.000000,60.000000, -63475599, -63475598
700.000000,-120.000000,15202.000000,-53.000000,-18.000000,-31.000000,106.000000,79.000000,52.000000, -63475587, -63475586
656.000000,-146.000000,15240.000000,-53.000000,-21.000000,-29.000000,101.000000,78.000000,58.000000, -63475576, -63475575
694.000000,-130.000000,15242.000000,-53.000000,-18.000000,-29.000000,109.000000,84.000000,59.000000, -63475564, -63475563
634.000000,-184.000000,15258.000000,-53.000000,-20.000000,-30.000000,106.000000,75.000000,54.000000, -63475550, -63475550
678.000000,-190.000000,15212.000000,-50.000000,-15.000000,-31.000000,101.000000,83.000000,58.000000, -63475539, -63475538
644.000000,-112.000000,15318.000000,-53.000000,-20.000000,-28.000000,107.000000,78.000000,56.000000, -63475527, -63475526
670.000000,-168.000000,15272.000000,-52.000000,-15.000000,-28.000000,106.000000,73.000000,54.000000, -63475515, -63475514
698.000000,-144.000000,15286.000000,-52.000000,-17.000000,-30.000000,105.000000,83.000000,63.000000, -63475503, -63475502
652.000000,-180.000000,15224.000000,-52.000000,-20.000000,-31.000000,102.000000,82.000000,59.000000, -63475489, -63475489
656.000000,-154.000000,15330.000000,-52.000000,-18.000000,-30.000000,106.000000,77.000000,52.000000, -63475478, -63475477
658.000000,-176.000000,15336.000000,-51.000000,-17.000000,-30.000000,104.000000,75.000000,59.000000, -63475466, -63475466
618.000000,-130.000000,15324.000000,-51.000000,-17.000000,-31.000000,111.000000,79.000000,57.000000, -63475455, -63475454
658.000000,-108.000000,15270.000000,-54.000000,-17.000000,-31.000000,98.000000,76.000000,58.000000, -63475443, -63475442
654.000000,-132.000000,15208.000000,-51.000000,-19.000000,-30.000000,102.000000,75.000000,50.000000, -63475429, -63475429
674.000000,-152.000000,15268.000000,-50.000000,-18.000000,-33.000000,109.000000,79.000000,57.000000, -63475418, -63475417
690.000000,-174.000000,15272.000000,-52.000000,-18.000000,-29.000000,104.000000,82.000000,57.000000, -63475406, -63475406
662.000000,-184.000000,15310.000000,-52.000000,-20.000000,-31.000000,102.000000,79.000000,59.000000, -63475395, -63475394
606.000000,-128.000000,15298.000000,-53.000000,-19.000000,-33.000000,101.000000,76.000000,58.000000, -63475383, -63475383
690.000000,-158.000000,15362.000000,-54.000000,-18.000000,-31.000000,104.000000,79.000000,59.000000, -63475370, -63475369
632.000000,-194.000000,15360.000000,-49.000000,-19.000000,-29.000000,104.000000,79.000000,59.000000, -63475358, -63475357
684.000000,-200.000000,15190.000000,-51.000000,-18.000000,-29.000000,106.000000,79.000000,50.000000, -63475346, -63475346
662.000000,-166.000000,15326.000000,-50.000000,-19.000000,-30.000000,103.000000,76.000000,56.000000, -63475335, -63475334
674.000000,-162.000000,15350.000000,-48.000000,-19.000000,-30.000000,109.000000,77.000000,59.000000, -63475323, -63475322
704.000000,-162.000000,15264.000000,-51.000000,-19.000000,-29.000000,109.000000,79.000000,59.000000, -63475309, -63475308
690.000000,-174.000000,15414.000000,-52.000000,-21.000000,-33.000000,109.000000,79.000000,62.000000, -63475297, -63475297
702.000000,-154.000000,15354.000000,-49.000000,-16.000000,-33.000000,106.000000,79.000000,54.000000, -63475286, -63475285
642.000000,-154.000000,15272.000000,-50.000000,-18.000000,-30.000000,104.000000,82.000000,54.000000, -63475274, -63475273
650.000000,-168.000000,15262.000000,-49.000000,-18.000000,-32.000000,103.000000,76.000000,51.000000, -63475263, -63475262
730.000000,-208.000000,15270.000000,-52.000000,-18.000000,-29.000000,103.000000,83.000000,56.000000, -63475249, -63475249
662.000000,-144.000000,15328.000000,-52.000000,-17.000000,-29.000000,102.000000,79.000000,57.000000, -63475238, -63475237
702.000000,-164.000000,15372.000000,-51.000000,-20.000000,-33.000000,107.000000,83.000000,58.000000, -63475226, -63475225
660.000000,-154.000000,15304.000000,-49.000000,-15.000000,-30.000000,107.000000,78.000000,58.000000, -63475215, -63475214
684.000000,-196.000000,15200.000000,-50.000000,-17.000000,-30.000000,107.000000,78.000000,53.000000, -63475203, -63475202
740.000000,-194.000000,15330.000000,-51.000000,-18.000000,-28.000000,103.000000,80.000000,56.000000, -63475189, -63475189
594.000000,-180.000000,15234.000000,-49.000000,-19.000000,-32.000000,103.000000,74.000000,56.000000, -63475178, -63475177
660.000000,-178.000000,15296.000000,-51.000000,-19.000000,-29.000000,109.000000,82.000000,54.000000, -63475166, -63475166
614.000000,-122.000000,15196.000000,-52.000000,-20.000000,-29.000000,101.000000,76.000000,53.000000, -63475155, -63475154
614.000000,-170.000000,15344.000000,-52.000000,-21.000000,-31.000000,104.000000,77.000000,54.000000, -63475143, -63475143
630.000000,-122.000000,15278.000000,-51.000000,-18.000000,-29.000000,105.000000,80.000000,51.000000, -63475130, -63475129
634.000000,-168.000000,15268.000000,-50.000000,-17.000000,-30.000000,104.000000,79.000000,50.000000, -63475118, -63475117
658.000000,-156.000000,15316.000000,-51.000000,-18.000000,-32.000000,101.000000,74.000000,53.000000, -63475107, -63475106
640.000000,-168.000000,15324.000000,-53.000000,-18.000000,-31.000000,103.000000,76.000000,60.000000, -63475095, -63475094
642.000000,-186.000000,15274.000000,-52.000000,-17.000000,-31.000000,104.000000,73.000000,59.000000, -63475083, -63475083
696.000000,-168.000000,15288.000000,-50.000000,-18.000000,-31.000000,102.000000,77.000000,54.000000, -63475070, -63475069
702.000000,-154.000000,15314.000000,-51.000000,-18.000000,-31.000000,109.000000,84.000000,57.000000, -63475058, -63475058
664.000000,-120.000000,15282.000000,-54.000000,-19.000000,-31.000000,107.000000,78.000000,53.000000, -63475047, -63475046
660.000000,-138.000000,15250.000000,-52.000000,-19.000000,-31.000000,103.000000,83.000000,46.000000, -63475035, -63475034
664.000000,-144.000000,15256.000000,-54.000000,-16.000000,-30.000000,109.000000,79.000000,50.000000, -63475024, -63475023
664.000000,-178.000000,15274.000000,-51.000000,-17.000000,-32.000000,103.000000,74.000000,58.000000, -63475010, -63475009
682.000000,-170.000000,15280.000000,-50.000000,-16.000000,-31.000000,104.000000,79.000000,52.000000, -63474998, -63474997
690.000000,-152.000000,15326.000000,-54.000000,-16.000000,-29.000000,106.000000,82.000000,54.000000, -63474987, -63474986
654.000000,-178.000000,15246.000000,-50.000000,-19.000000,-29.000000,109.000000,73.000000,59.000000, -63474975, -63474974
684.000000,-176.000000,15278.000000,-50.000000,-19.000000,-32.000000,104.000000,75.000000,57.000000, -63474964, -63474963
700.000000,-158.000000,15260.000000,-51.000000,-18.000000,-28.000000,103.000000,83.000000,53.000000, -63474950, -63474949
720.000000,-140.000000,15332.000000,-50.000000,-19.000000,-31.000000,101.000000,76.000000,56.000000, -63474938, -63474938
698.000000,-114.000000,15294.000000,-51.000000,-18.000000,-28.000000,103.000000,78.000000,53.000000, -63474927, -63474926
650.000000,-146.000000,15280.000000,-54.000000,-18.000000,-30.000000,106.000000,77.000000,59.000000, -63474915, -63474915
654.000000,-162.000000,15276.000000,-51.000000,-18.000000,-32.000000,106.000000,73.000000,62.000000, -63474904, -63474903
662.000000,-192.000000,15230.000000,-52.000000,-19.000000,-32.000000,105.000000,78.000000,60.000000, -63474890, -63474890
684.000000,-108.000000,15320.000000,-51.000000,-17.000000,-32.000000,109.000000,77.000000,59.000000, -63474879, -63474878
702.000000,-174.000000,15306.000000,-49.000000,-18.000000,-32.000000,106.000000,79.000000,57.000000, -63474867, -63474866
726.000000,-170.000000,15294.000000,-50.000000,-18.000000,-29.000000,102.000000,79.000000,64.000000, -63474856, -63474855
676.000000,-162.000000,15306.000000,-51.000000,-18.000000,-30.000000,111.000000,77.000000,59.000000, -63474844, -63474843
708.000000,-166.000000,15264.000000,-51.000000,-19.000000,-30.000000,105.000000,78.000000,58.000000, -63474830, -63474829
672.000000,-116.000000,15304.000000,-52.000000,-17.000000,-29.000000,107.000000,80.000000,56.000000, -63474818, -63474818
682.000000,-146.000000,15284.000000,-50.000000,-18.000000,-29.000000,110.000000,78.000000,56.000000, -63474807, -63474806
682.000000,-142.000000,15306.000000,-52.000000,-17.000000,-30.000000,105.000000,85.000000,56.000000, -63474795, -63474794
650.000000,-178.000000,15244.000000,-50.000000,-18.000000,-32.000000,102.000000,82.000000,57.000000, -63474783, -63474783
724.000000,-200.000000,15282.000000,-51.000000,-18.000000,-29.000000,103.000000,80.000000,60.000000, -63474770, -63474769
696.000000,-134.000000,15284.000000,-50.000000,-20.000000,-29.000000,103.000000,80.000000,56.000000, -63474758, -63474757
744.000000,-138.000000,15298.000000,-53.000000,-16.000000,-31.000000,107.000000,85.000000,56.000000, -63474746, -63474746
710.000000,-150.000000,15286.000000,-52.000000,-19.000000,-32.000000,106.000000,77.000000,57.000000, -63474735, -63474734
620.000000,-128.000000,15272.000000,-50.000000,-20.000000,-28.000000,106.000000,77.000000,64.000000, -63474723, -63474723
632.000000,-176.000000,15220.000000,-53.000000,-18.000000,-31.000000,110.000000,78.000000,58.000000, -63474710, -63474709
608.000000,-116.000000,15268.000000,-52.000000,-17.000000,-33.000000,104.000000,86.000000,57.000000, -63474698, -63474697
668.000000,-186.000000,15246.000000,-54.000000,-17.000000,-28.000000,105.000000,80.000000,51.000000, -63474686, -63474686
682.000000,-138.000000,15260.000000,-52.000000,-19.000000,-29.000000,102.000000,82.000000,59.000000, -63474675, -63474674
672.000000,-188.000000,15264.000000,-52.000000,-17.000000,-30.000000,104.000000,75.000000,54.000000, -63474663, -63474663
720.000000,-140.000000,15286.000000,-50.000000,-18.000000,-31.000000,105.000000,80.000000,58.000000, -63474650, -63474649
646.000000,-118.000000,15280.000000,-52.000000,-18.000000,-32.000000,104.000000,79.000000,59.000000, -63474638, -63474637
710.000000,-174.000000,15354.000000,-51.000000,-18.000000,-32.000000,101.000000,74.000000,60.000000, -63474626, -63474626
612.000000,-156.000000,15302.000000,-51.000000,-18.000000,-32.000000,107.000000,74.000000,49.000000, -63474615, -63474614
680.000000,-104.000000,15318.000000,-53.000000,-19.000000,-31.000000,100.000000,77.000000,54.000000, -63474603, -63474602
626.000000,-140.000000,15356.000000,-50.000000,-21.000000,-31.000000,105.000000,76.000000,51.000000, -63474589, -63474589
658.000000,-154.000000,15216.000000,-52.000000,-21.000000,-34.000000,102.000000,82.000000,54.000000, -63474578, -63474577
720.000000,-140.000000,15312.000000,-52.000000,-18.000000,-29.000000,98.000000,76.000000,49.000000, -63474566, -63474565
660.000000,-174.000000,15282.000000,-52.000000,-21.000000,-34.000000,107.000000,78.000000,56.000000, -63474554, -63474554
642.000000,-148.000000,15366.000000,-51.000000,-18.000000,-32.000000,106.000000,77.000000,54.000000, -63474543, -63474542
608.000000,-180.000000,15360.000000,-52.000000,-17.000000,-32.000000,104.000000,82.000000,52.000000, -63474529, -63474529
694.000000,-108.000000,15348.000000,-51.000000,-18.000000,-28.000000,106.000000,84.000000,52.000000, -63474518, -63474517
742.000000,-138.000000,15290.000000,-51.000000,-18.000000,-29.000000,100.000000,82.000000,52.000000, -63474506, -63474505
722.000000,-156.000000,15262.000000,-52.000000,-19.000000,-31.000000,104.000000,79.000000,52.000000, -63474495, -63474494
608.000000,-174.000000,15258.000000,-52.000000,-18.000000,-29.000000,107.000000,78.000000,53.000000, -63474483, -63474482
746.000000,-150.000000,15226.000000,-50.000000,-21.000000,-32.000000,104.000000,79.000000,54.000000, -63474469, -63474469
676.000000,-204.000000,15288.000000,-51.000000,-19.000000,-33.000000,110.000000,76.000000,56.000000, -63474458, -63474457
664.000000,-154.000000,15318.000000,-55.000000,-17.000000,-31.000000,109.000000,86.000000,59.000000, -63474446, -63474445
644.000000,-186.000000,15312.000000,-53.000000,-17.000000,-29.000000,103.000000,76.000000,56.000000, -63474434, -63474434
686.000000,-128.000000,15286.000000,-51.000000,-20.000000,-30.000000,103.000000,76.000000,58.000000, -63474423, -63474422
710.000000,-150.000000,15332.000000,-53.000000,-19.000000,-33.000000,98.000000,83.000000,58.000000, -63474409, -63474408
652.000000,-168.000000,15384.000000,-50.000000,-17.000000,-30.000000,106.000000,79.000000,54.000000, -63474397, -63474397
724.000000,-140.000000,15238.000000,-48.000000,-20.000000,-31.000000,103.000000,78.000000,56.000000, -63474386, -63474385
638.000000,-150.000000,15248.000000,-51.000000,-19.000000,-30.000000,102.000000,82.000000,54.000000, -63474374, -63474374
628.000000,-90.000000,15282.000000,-52.000000,-18.000000,-33.000000,106.000000,79.000000,54.000000, -63474360, -63474360
692.000000,-182.000000,15290.000000,-51.000000,-18.000000,-29.000000,103.000000,85.000000,56.000000, -63474349, -63474348
686.000000,-98.000000,15296.000000,-51.000000,-18.000000,-32.000000,106.000000,82.000000,54.000000, -63474337, -63474336
636.000000,-152.000000,15316.000000,-52.000000,-17.000000,-28.000000,105.000000,83.000000,53.000000, -63474325, -63474324
768.000000,-180.000000,15278.000000,-49.000000,-20.000000,-30.000000,101.000000,78.000000,63.000000, -63474313, -63474313
640.000000,-134.000000,15244.000000,-53.000000,-17.000000,-27.000000,101.000000,76.000000,56.000000, -63474300, -63474299
652.000000,-124.000000,15348.000000,-50.000000,-17.000000,-32.000000,112.000000,87.000000,60.000000, -63474288, -63474287
622.000000,-138.000000,15168.000000,-52.000000,-19.000000,-32.000000,102.000000,79.000000,54.000000, -63474276, -63474276
704.000000,-164.000000,15374.000000,-52.000000,-19.000000,-30.000000,101.000000,80.000000,58.000000, -63474265, -63474264
638.000000,-152.000000,15258.000000,-51.000000,-19.000000,-29.000000,110.000000,76.000000,56.000000, -63474253, -63474252
714.000000,-166.000000,15354.000000,-52.000000,-18.000000,-30.000000,98.000000,78.000000,58.000000, -63474239, -63474239
660.000000,-134.000000,15306.000000,-50.000000,-17.000000,-27.000000,105.000000,76.000000,56.000000, -63474228, -63474227
692.000000,-168.000000,15326.000000,-52.000000,-18.000000,-31.000000,110.000000,80.000000,60.000000, -63474216, -63474216
780.000000,-122.000000,15354.000000,-51.000000,-20.000000,-32.000000,111.000000,79.000000,57.000000, -63474205, -63474204
682.000000,-162.000000,15264.000000,-50.000000,-15.000000,-31.000000,106.000000,77.000000,62.000000, -63474193, -63474192
734.000000,-156.000000,15260.000000,-50.000000,-18.000000,-30.000000,111.000000,82.000000,62.000000, -63474179, -63474178
746.000000,-230.000000,15290.000000,-52.000000,-19.000000,-32.000000,96.000000,80.000000,53.000000, -63474167, -63474167
732.000000,-126.000000,15268.000000,-50.000000,-20.000000,-28.000000,103.000000,80.000000,63.000000, -63474156, -63474155
672.000000,-124.000000,15286.000000,-54.000000,-16.000000,-33.000000,106.000000,79.000000,66.000000, -63474144, -63474143
662.000000,-148.000000,15268.000000,-51.000000,-19.000000,-31.000000,103.000000,76.000000,56.000000, -63474130, -63474130
696.000000,-170.000000,15268.000000,-52.000000,-21.000000,-31.000000,103.000000,80.000000,63.000000, -63474119, -63474118
678.000000,-138.000000,15248.000000,-51.000000,-20.000000,-31.000000,105.000000,83.000000,63.000000, -63474107, -63474107
708.000000,-162.000000,15288.000000,-52.000000,-18.000000,-31.000000,104.000000,77.000000,57.000000, -63474096, -63474095
648.000000,-160.000000,15204.000000,-51.000000,-16.000000,-29.000000,101.000000,76.000000,58.000000, -63474084, -63474083
656.000000,-176.000000,15246.000000,-49.000000,-17.000000,-32.000000,110.000000,80.000000,58.000000, -63474070, -63474070
642.000000,-212.000000,15236.000000,-50.000000,-17.000000,-31.000000,112.000000,80.000000,65.000000, -63474059, -63474058
662.000000,-190.000000,15272.000000,-51.000000,-19.000000,-33.000000,109.000000,82.000000,59.000000, -63474047, -63474047
686.000000,-190.000000,15264.000000,-52.000000,-21.000000,-32.000000,105.000000,78.000000,58.000000, -63474036, -63474035
684.000000,-218.000000,15378.000000,-52.000000,-19.000000,-29.000000,106.000000,75.000000,59.000000, -63474024, -63474023
674.000000,-174.000000,15310.000000,-53.000000,-19.000000,-31.000000,104.000000,84.000000,64.000000, -63474010, -63474009
684.000000,-150.000000,15280.000000,-52.000000,-17.000000,-31.000000,111.000000,84.000000,50.000000, -63473998, -63473997
662.000000,-180.000000,15228.000000,-51.000000,-18.000000,-28.000000,102.000000,82.000000,62.000000, -63473986, -63473986
670.000000,-152.000000,15304.000000,-50.000000,-15.000000,-30.000000,103.000000,76.000000,56.000000, -63473975, -63473974
684.000000,-108.000000,15240.000000,-52.000000,-18.000000,-30.000000,107.000000,76.000000,53.000000, -63473963, -63473962
676.000000,-170.000000,15286.000000,-51.000000,-19.000000,-31.000000,101.000000,78.000000,53.000000, -63473950, -63473949
664.000000,-142.000000,15216.000000,-54.000000,-18.000000,-31.000000,107.000000,83.000000,53.000000, -63473938, -63473937
664.000000,-100.000000,15292.000000,-49.000000,-21.000000,-32.000000,103.000000,76.000000,49.000000, -63473926, -63473926
736.000000,-228.000000,15334.000000,-52.000000,-20.000000,-32.000000,105.000000,78.000000,56.000000, -63473915, -63473914
656.000000,-136.000000,15302.000000,-51.000000,-18.000000,-30.000000,101.000000,80.000000,58.000000, -63473903, -63473903
704.000000,-126.000000,15320.000000,-51.000000,-21.000000,-28.000000,105.000000,83.000000,53.000000, -63473890, -63473889
720.000000,-174.000000,15282.000000,-50.000000,-17.000000,-30.000000,107.000000,80.000000,49.000000, -63473878, -63473878
702.000000,-148.000000,15276.000000,-51.000000,-19.000000,-29.000000,104.000000,79.000000,52.000000, -63473867, -63473866
730.000000,-182.000000,15376.000000,-52.000000,-19.000000,-30.000000,102.000000,82.000000,54.000000, -63473855, -63473854
662.000000,-170.000000,15262.000000,-51.000000,-19.000000,-28.000000,107.000000,74.000000,60.000000, -63473844, -63473843
682.000000,-176.000000,15368.000000,-52.000000,-18.000000,-31.000000,105.000000,74.000000,58.000000, -63473830, -63473829
724.000000,-132.000000,15294.000000,-52.000000,-17.000000,-30.000000,104.000000,84.000000,57.000000, -63473818, -63473818
654.000000,-158.000000,15326.000000,-50.000000,-17.000000,-31.000000,103.000000,76.000000,58.000000, -63473807, -63473806
670.000000,-126.000000,15312.000000,-51.000000,-21.000000,-30.000000,103.000000,78.000000,56.000000, -63473795, -63473794
720.000000,-174.000000,15274.000000,-50.000000,-15.000000,-31.000000,107.000000,80.000000,58.000000, -63473783, -63473783
694.000000,-160.000000,15256.000000,-54.000000,-19.000000,-30.000000,107.000000,90.000000,58.000000, -63473769, -63473769
720.000000,-166.000000,15298.000000,-52.000000,-18.000000,-32.000000,105.000000,76.000000,58.000000, -63473758, -63473757
674.000000,-122.000000,15266.000000,-50.000000,-17.000000,-31.000000,102.000000,77.000000,50.000000, -63473746, -63473746
736.000000,-114.000000,15318.000000,-50.000000,-19.000000,-30.000000,103.000000,76.000000,56.000000, -63473735, -63473734
700.000000,-118.000000,15242.000000,-53.000000,-20.000000,-31.000000,102.000000,75.000000,57.000000, -63473723, -63473723
682.000000,-204.000000,15326.000000,-53.000000,-18.000000,-31.000000,101.000000,80.000000,49.000000, -63473710, -63473709
700.000000,-172.000000,15338.000000,-53.000000,-17.000000,-29.000000,105.000000,74.000000,56.000000, -63473698, -63473698
662.000000,-172.000000,15356.000000,-53.000000,-16.000000,-30.000000,98.000000,78.000000,51.000000, -63473687, -63473686
706.000000,-158.000000,15330.000000,-51.000000,-20.000000,-29.000000,105.000000,83.000000,60.000000, -63473675, -63473674
626.000000,-114.000000,15328.000000,-51.000000,-17.000000,-33.000000,105.000000,76.000000,58.000000, -63473663, -63473663
654.000000,-162.000000,15232.000000,-55.000000,-18.000000,-30.000000,100.000000,79.000000,57.000000, -63473650, -63473649
682.000000,-154.000000,15272.000000,-50.000000,-18.000000,-30.000000,100.000000,84.000000,54.000000, -63473638, -63473638
616.000000,-50.000000,15330.000000,-53.000000,-18.000000,-29.000000,103.000000,83.000000,58.000000, -63473627, -63473626
730.000000,-124.000000,15270.000000,-51.000000,-17.000000,-30.000000,100.000000,77.000000,62.000000, -63473615, -63473615
726.000000,-178.000000,15222.000000,-52.000000,-18.000000,-32.000000,105.000000,76.000000,56.000000, -63473604, -63473603
674.000000,-166.000000,15290.000000,-49.000000,-18.000000,-32.000000,104.000000,77.000000,59.000000, -63473590, -63473590
662.000000,-192.000000,15260.000000,-52.000000,-19.000000,-30.000000,102.000000,77.000000,52.000000, -63473579, -63473578
644.000000,-184.000000,15284.000000,-52.000000,-18.000000,-32.000000,109.000000,77.000000,57.000000, -63473568, -63473567
674.000000,-122.000000,15260.000000,-49.000000,-20.000000,-30.000000,103.000000,80.000000,51.000000, -63473556, -63473555
694.000000,-118.000000,15294.000000,-55.000000,-20.000000,-30.000000,107.000000,78.000000,56.000000, -63473544, -63473543
640.000000,-150.000000,15278.000000,-52.000000,-20.000000,-30.000000,102.000000,79.000000,59.000000, -63473530, -63473530
682.000000,-150.000000,15242.000000,-50.000000,-19.000000,-28.000000,107.000000,80.000000,60.000000, -63473519, -63473518
644.000000,-126.000000,15272.000000,-51.000000,-18.000000,-29.000000,101.000000,74.000000,58.000000, -63473507, -63473507
690.000000,-152.000000,15308.000000,-53.000000,-14.000000,-32.000000,105.000000,80.000000,63.000000, -63473496, -63473495
672.000000,-86.000000,15282.000000,-50.000000,-19.000000,-28.000000,104.000000,79.000000,64.000000, -63473484, -63473483
704.000000,-136.000000,15298.000000,-49.000000,-16.000000,-31.000000,105.000000,78.000000,56.000000, -63473470, -63473470
672.000000,-126.000000,15244.000000,-52.000000,-19.000000,-31.000000,111.000000,82.000000,57.000000, -63473459, -63473458
672.000000,-120.000000,15330.000000,-52.000000,-21.000000,-32.000000,107.000000,80.000000,63.000000, -63473447, -63473447
672.000000,-176.000000,15300.000000,-53.000000,-16.000000,-30.000000,103.000000,71.000000,58.000000, -63473436, -63473435
648.000000,-122.000000,15290.000000,-51.000000,-17.000000,-31.000000,104.000000,73.000000,62.000000, -63473424, -63473423
688.000000,-108.000000,15358.000000,-52.000000,-18.000000,-30.000000,101.000000,80.000000,60.000000, -63473411, -63473410
642.000000,-176.000000,15244.000000,-50.000000,-17.000000,-31.000000,109.000000,79.000000,64.000000, -63473399, -63473398
662.000000,-214.000000,15228.000000,-50.000000,-19.000000,-28.000000,100.000000,86.000000,64.000000, -63473387, -63473386
728.000000,-84.000000,15292.000000,-51.000000,-16.000000,-31.000000,106.000000,82.000000,57.000000, -63473376, -63473375
680.000000,-152.000000,15274.000000,-51.000000,-19.000000,-32.000000,105.000000,78.000000,63.000000, -63473364, -63473363
642.000000,-166.000000,15336.000000,-51.000000,-18.000000,-32.000000,102.000000,82.000000,57.000000, -63473350, -63473349
692.000000,-168.000000,15320.000000,-52.000000,-19.000000,-30.000000,100.000000,79.000000,52.000000, -63473338, -63473337
678.000000,-120.000000,15312.000000,-53.000000,-19.000000,-33.000000,105.000000,85.000000,60.000000, -63473327, -63473326
722.000000,-196.000000,15326.000000,-52.000000,-20.000000,-31.000000,105.000000,76.000000,58.000000, -63473315, -63473315
676.000000,-142.000000,15194.000000,-53.000000,-15.000000,-32.000000,102.000000,77.000000,59.000000, -63473304, -63473303
684.000000,-148.000000,15288.000000,-50.000000,-16.000000,-31.000000,98.000000,80.000000,53.000000, -63473290, -63473290
690.000000,-138.000000,15338.000000,-52.000000,-21.000000,-32.000000,103.000000,78.000000,56.000000, -63473279, -63473278
664.000000,-174.000000,15328.000000,-52.000000,-20.000000,-29.000000,106.000000,82.000000,57.000000, -63473268, -63473267
690.000000,-148.000000,15272.000000,-52.000000,-18.000000,-33.000000,105.000000,83.000000,53.000000, -63473256, -63473256
688.000000,-140.000000,15256.000000,-50.000000,-17.000000,-28.000000,103.000000,76.000000,53.000000, -63473245, -63473244
680.000000,-182.000000,15328.000000,-50.000000,-17.000000,-30.000000,110.000000,78.000000,58.000000, -63473233, -63473233
684.000000,-190.000000,15294.000000,-52.000000,-17.000000,-31.000000,105.000000,76.000000,58.000000, -63473220, -63473219
678.000000,-172.000000,15240.000000,-52.000000,-20.000000,-32.000000,103.000000,80.000000,53.000000, -63473208, -63473207
686.000000,-116.000000,15340.000000,-52.000000,-18.000000,-31.000000,105.000000,78.000000,56.000000, -63473196, -63473196
644.000000,-122.000000,15362.000000,-52.000000,-19.000000,-30.000000,106.000000,79.000000,52.000000, -63473185, -63473184
682.000000,-158.000000,15274.000000,-51.000000,-16.000000,-32.000000,103.000000,76.000000,63.000000, -63473173, -63473172
684.000000,-166.000000,15238.000000,-51.000000,-17.000000,-33.000000,106.000000,82.000000,52.000000, -63473159, -63473159
720.000000,-180.000000,15268.000000,-52.000000,-20.000000,-30.000000,103.000000,85.000000,53.000000, -63473148, -63473147
720.000000,-182.000000,15286.000000,-52.000000,-21.000000,-33.000000,112.000000,78.000000,60.000000, -63473136, -63473135
704.000000,-202.000000,15256.000000,-51.000000,-19.000000,-29.000000,105.000000,74.000000,56.000000, -63473124, -63473124
696.000000,-168.000000,15240.000000,-52.000000,-17.000000,-30.000000,101.000000,83.000000,56.000000, -63473111, -63473110
652.000000,-152.000000,15310.000000,-51.000000,-17.000000,-32.000000,102.000000,84.000000,57.000000, -63473099, -63473099
704.000000,-162.000000,15198.000000,-53.000000,-18.000000,-31.000000,102.000000,77.000000,59.000000, -63473088, -63473087
568.000000,-144.000000,15376.000000,-53.000000,-19.000000,-29.000000,102.000000,79.000000,54.000000, -63473076, -63473076
716.000000,-186.000000,15316.000000,-50.000000,-20.000000,-30.000000,104.000000,82.000000,54.000000, -63473065, -63473064
704.000000,-158.000000,15252.000000,-52.000000,-17.000000,-32.000000,106.000000,79.000000,54.000000, -63473053, -63473052
706.000000,-134.000000,15236.000000,-53.000000,-19.000000,-30.000000,104.000000,77.000000,57.000000, -63473039, -63473039
694.000000,-116.000000,15248.000000,-51.000000,-18.000000,-28.000000,98.000000,80.000000,53.000000, -63473028, -63473027
744.000000,-168.000000,15334.000000,-50.000000,-19.000000,-30.000000,104.000000,79.000000,54.000000, -63473016, -63473016
698.000000,-176.000000,15274.000000,-52.000000,-18.000000,-29.000000,105.000000,80.000000,60.000000, -63473005, -63473004
662.000000,-186.000000,15380.000000,-49.000000,-17.000000,-28.000000,110.000000,76.000000,65.000000, -63472993, -63472993
648.000000,-122.000000,15350.000000,-51.000000,-17.000000,-28.000000,107.000000,80.000000,56.000000, -63472979, -63472979
674.000000,-232.000000,15334.000000,-51.000000,-19.000000,-32.000000,104.000000,79.000000,52.000000, -63472968, -63472967
694.000000,-196.000000,15294.000000,-52.000000,-16.000000,-29.000000,105.000000,74.000000,56.000000, -63472956, -63472956
666.000000,-126.000000,15268.000000,-53.000000,-19.000000,-29.000000,104.000000,79.000000,62.000000, -63472945, -63472944
624.000000,-84.000000,15264.000000,-50.000000,-18.000000,-30.000000,100.000000,77.000000,59.000000, -63472933, -63472933
682.000000,-180.000000,15262.000000,-55.000000,-18.000000,-35.000000,104.000000,79.000000,57.000000, -63472920, -63472919
692.000000,-202.000000,15348.000000,-52.000000,-21.000000,-31.000000,102.000000,79.000000,59.000000, -63472908, -63472908
600.000000,-140.000000,15264.000000,-49.000000,-21.000000,-31.000000,101.000000,80.000000,63.000000, -63472897, -63472896
682.000000,-144.000000,15238.000000,-50.000000,-18.000000,-32.000000,105.000000,76.000000,56.000000, -63472885, -63472885
652.000000,-96.000000,15302.000000,-49.000000,-18.000000,-32.000000,112.000000,80.000000,58.000000, -63472874, -63472873
682.000000,-164.000000,15390.000000,-52.000000,-18.000000,-30.000000,107.000000,74.000000,56.000000, -63472860, -63472859
744.000000,-132.000000,15280.000000,-52.000000,-19.000000,-30.000000,101.000000,83.000000,56.000000, -63472849, -63472848
628.000000,-166.000000,15376.000000,-52.000000,-19.000000,-30.000000,102.000000,79.000000,59.000000, -63472837, -63472836
670.000000,-130.000000,15348.000000,-52.000000,-18.000000,-29.000000,102.000000,77.000000,62.000000, -63472826, -63472825
686.000000,-140.000000,15282.000000,-51.000000,-19.000000,-31.000000,102.000000,79.000000,62.000000, -63472814, -63472814
742.000000,-164.000000,15292.000000,-53.000000,-22.000000,-31.000000,102.000000,73.000000,62.000000, -63472801, -63472800
642.000000,-160.000000,15234.000000,-52.000000,-13.000000,-29.000000,110.000000,80.000000,53.000000, -63472789, -63472789
648.000000,-144.000000,15240.000000,-51.000000,-19.000000,-31.000000,106.000000,86.000000,57.000000, -63472778, -63472777
678.000000,-152.000000,15256.000000,-53.000000,-18.000000,-31.000000,101.000000,80.000000,58.000000, -63472766, -63472766
680.000000,-144.000000,15246.000000,-52.000000,-19.000000,-29.000000,106.000000,75.000000,59.000000, -63472755, -63472754
732.000000,-132.000000,15298.000000,-52.000000,-15.000000,-31.000000,100.000000,82.000000,57.000000, -63472743, -63472743
614.000000,-108.000000,15212.000000,-50.000000,-19.000000,-32.000000,103.000000,78.000000,51.000000, -63472730, -63472729
702.000000,-136.000000,15256.000000,-48.000000,-18.000000,-30.000000,107.000000,76.000000,56.000000, -63472718, -63472717
674.000000,-154.000000,15290.000000,-50.000000,-18.000000,-32.000000,101.000000,78.000000,49.000000, -63472707, -63472706
758.000000,-108.000000,15268.000000,-51.000000,-20.000000,-31.000000,98.000000,78.000000,53.000000, -63472695, -63472694
710.000000,-144.000000,15292.000000,-52.000000,-19.000000,-30.000000,107.000000,78.000000,53.000000, -63472683, -63472683
642.000000,-150.000000,15390.000000,-52.000000,-21.000000,-28.000000,102.000000,77.000000,54.000000, -63472670, -63472669
632.000000,-138.000000,15334.000000,-52.000000,-19.000000,-32.000000,104.000000,86.000000,52.000000, -63472658, -63472658
614.000000,-142.000000,15356.000000,-53.000000,-18.000000,-29.000000,107.000000,83.000000,56.000000, -63472647, -63472646
696.000000,-224.000000,15368.000000,-53.000000,-19.000000,-30.000000,110.000000,80.000000,49.000000, -63472635, -63472634
638.000000,-158.000000,15282.000000,-51.000000,-20.000000,-30.000000,109.000000,84.000000,57.000000, -63472624, -63472623
680.000000,-168.000000,15250.000000,-53.000000,-19.000000,-32.000000,104.000000,79.000000,54.000000, -63472610, -63472610
670.000000,-186.000000,15294.000000,-51.000000,-15.000000,-29.000000,102.000000,82.000000,54.000000, -63472599, -63472598
692.000000,-192.000000,15248.000000,-50.000000,-19.000000,-30.000000,103.000000,80.000000,58.000000, -63472587, -63472586
680.000000,-190.000000,15318.000000,-52.000000,-19.000000,-31.000000,102.000000,79.000000,62.000000, -63472576, -63472575
610.000000,-150.000000,15330.000000,-50.000000,-18.000000,-30.000000,103.000000,80.000000,53.000000, -63472564, -63472563
668.000000,-160.000000,15296.000000,-52.000000,-18.000000,-28.000000,103.000000,80.000000,53.000000, -63472550, -63472550
690.000000,-192.000000,15380.000000,-51.000000,-17.000000,-29.000000,102.000000,84.000000,57.000000, -63472539, -63472538
704.000000,-166.000000,15296.000000,-49.000000,-19.000000,-30.000000,109.000000,79.000000,59.000000, -63472527, -63472526
658.000000,-138.000000,15290.000000,-53.000000,-18.000000,-32.000000,104.000000,79.000000,57.000000, -63472515, -63472515
662.000000,-158.000000,15346.000000,-52.000000,-17.000000,-31.000000,100.000000,79.000000,62.000000, -63472504, -63472503
706.000000,-174.000000,15290.000000,-51.000000,-19.000000,-28.000000,105.000000,83.000000,58.000000, -63472491, -63472490
728.000000,-190.000000,15286.000000,-53.000000,-18.000000,-32.000000,102.000000,88.000000,59.000000, -63472479, -63472478
672.000000,-110.000000,15284.000000,-53.000000,-19.000000,-32.000000,104.000000,79.000000,59.000000, -63472468, -63472467
694.000000,-118.000000,15204.000000,-52.000000,-16.000000,-31.000000,105.000000,80.000000,51.000000, -63472456, -63472456
722.000000,-198.000000,15292.000000,-53.000000,-18.000000,-30.000000,101.000000,78.000000,49.000000, -63472445, -63472444
674.000000,-204.000000,15202.000000,-53.000000,-20.000000,-31.000000,106.000000,82.000000,59.000000, -63472433, -63472433
644.000000,-120.000000,15258.000000,-52.000000,-21.000000,-29.000000,104.000000,86.000000,52.000000, -63472420, -63472419
668.000000,-156.000000,15284.000000,-52.000000,-19.000000,-31.000000,105.000000,83.000000,58.000000, -63472408, -63472408
698.000000,-146.000000,15272.000000,-49.000000,-19.000000,-29.000000,106.000000,84.000000,57.000000, -63472397, -63472396
682.000000,-166.000000,15248.000000,-52.000000,-17.000000,-31.000000,104.000000,82.000000,57.000000, -63472385, -63472385
722.000000,-164.000000,15314.000000,-50.000000,-21.000000,-29.000000,109.000000,79.000000,59.000000, -63472374, -63472373
698.000000,-174.000000,15304.000000,-49.000000,-19.000000,-32.000000,106.000000,79.000000,57.000000, -63472360, -63472360
670.000000,-184.000000,15324.000000,-50.000000,-20.000000,-33.000000,109.000000,82.000000,57.000000, -63472348, -63472348
704.000000,-104.000000,15342.000000,-51.000000,-19.000000,-31.000000,103.000000,85.000000,56.000000, -63472337, -63472336
650.000000,-168.000000,15286.000000,-51.000000,-15.000000,-29.000000,105.000000,74.000000,63.000000, -63472325, -63472324
656.000000,-204.000000,15268.000000,-50.000000,-19.000000,-31.000000,106.000000,82.000000,54.000000, -63472314, -63472313
638.000000,-144.000000,15328.000000,-51.000000,-18.000000,-29.000000,106.000000,82.000000,59.000000, -63472300, -63472299
682.000000,-210.000000,15262.000000,-50.000000,-16.000000,-32.000000,103.000000,83.000000,53.000000, -63472288, -63472287
744.000000,-160.000000,15278.000000,-51.000000,-18.000000,-32.000000,106.000000,79.000000,54.000000, -63472276, -63472276
688.000000,-198.000000,15266.000000,-54.000000,-19.000000,-33.000000,103.000000,85.000000,58.000000, -63472265, -63472264
662.000000,-138.000000,15278.000000,-52.000000,-16.000000,-34.000000,105.000000,87.000000,58.000000, -63472251, -63472250
734.000000,-146.000000,15266.000000,-51.000000,-18.000000,-30.000000,105.000000,85.000000,60.000000, -63472239, -63472239
664.000000,-166.000000,15284.000000,-51.000000,-16.000000,-28.000000,101.000000,80.000000,56.000000, -63472228, -63472227
700.000000,-208.000000,15260.000000,-53.000000,-18.000000,-28.000000,102.000000,84.000000,59.000000, -63472216, -63472215
722.000000,-186.000000,15356.000000,-50.000000,-17.000000,-29.000000,105.000000,78.000000,60.000000, -63472204, -63472204
670.000000,-148.000000,15244.000000,-52.000000,-19.000000,-30.000000,103.000000,83.000000,58.000000, -63472191, -63472190
684.000000,-174.000000,15342.000000,-52.000000,-18.000000,-29.000000,104.000000,75.000000,59.000000, -63472179, -63472178
670.000000,-150.000000,15320.000000,-53.000000,-18.000000,-31.000000,101.000000,80.000000,56.000000, -63472167, -63472167
722.000000,-148.000000,15288.000000,-52.000000,-20.000000,-28.000000,102.000000,77.000000,59.000000, -63472156, -63472155
688.000000,-102.000000,15236.000000,-53.000000,-17.000000,-31.000000,104.000000,77.000000,57.000000, -63472144, -63472143
